{"type":"FeatureCollection","features":[{"type":"Feature","properties":{"iso":"BOL","name":"Bolivia"},"geometry":{"type":"Polygon","coordinates":[[[-69.5,-17.5],[-69.5,-17.4],[-69.6,-17.3],[-69.7,-17.3],[-69.6,-17.3],[-69.6,-17.2],[-69.5,-17.1],[-69.4,-17.1],[-69.4,-17.0],[-69.3,-16.9],[-69.2,-16.8],[-69.2,-16.7],[-69.1,-16.7],[-69.0,-16.7],[-69.0,-16.6],[-69.0,-16.5],[-69.0,-16.4],[-68.9,-16.4],[-68.8,-16.3],[-68.9,-16.3],[-69.0,-16.2],[-69.1,-16.2],[-69.2,-16.2],[-69.2,-16.1],[-69.3,-16.0],[-69.3,-15.9],[-69.4,-15.8],[-69.4,-15.7],[-69.4,-15.6],[-69.4,-15.5],[-69.3,-15.5],[-69.3,-15.4],[-69.3,-15.3],[-69.2,-15.3],[-69.1,-15.2],[-69.2,-15.2],[-69.3,-15.1],[-69.3,-15.0],[-69.4,-15.0],[-69.4,-14.9],[-69.4,-14.8],[-69.3,-14.8],[-69.3,-14.7],[-69.2,-14.6],[-69.2,-14.5],[-69.1,-14.5],[-69.1,-14.4],[-69.0,-14.4],[-69.0,-14.3],[-69.0,-14.2],[-68.9,-14.2],[-68.9,-14.1],[-68.9,-14.0],[-69.0,-14.0],[-69.0,-13.9],[-69.0,-13.8],[-69.0,-13.7],[-69.1,-13.7],[-69.1,-13.6],[-69.0,-13.6],[-69.0,-13.5],[-69.0,-13.3],[-69.0,-13.2],[-69.0,-13.0],[-69.0,-12.9],[-68.9,-12.8],[-68.9,-12.7],[-68.8,-12.7],[-68.7,-12.7],[-68.8,-12.7],[-68.8,-12.6],[-68.7,-12.6],[-68.7,-12.5],[-68.8,-12.3],[-68.9,-12.1],[-69.0,-11.9],[-69.1,-11.7],[-69.2,-11.5],[-69.3,-11.4],[-69.4,-11.2],[-69.5,-11.0],[-69.6,-11.0],[-69.5,-11.0],[-69.4,-10.9],[-69.3,-10.9],[-69.3,-11.0],[-69.2,-11.0],[-69.1,-11.0],[-69.0,-11.0],[-68.9,-11.0],[-68.8,-11.0],[-68.8,-11.1],[-68.6,-11.1],[-68.5,-11.1],[-68.5,-11.0],[-68.4,-11.0],[-68.3,-11.0],[-68.3,-10.9],[-68.2,-10.9],[-68.2,-10.8],[-68.1,-10.8],[-68.1,-10.7],[-68.0,-10.7],[-67.9,-10.7],[-67.8,-10.7],[-67.7,-10.7],[-67.7,-10.6],[-67.6,-10.6],[-67.6,-10.5],[-67.5,-10.5],[-67.5,-10.4],[-67.4,-10.4],[-67.3,-10.4],[-67.3,-10.3],[-67.2,-10.3],[-67.1,-10.3],[-66.9,-10.1],[-66.8,-10.0],[-66.7,-10.0],[-66.7,-9.9],[-66.6,-9.9],[-66.5,-9.9],[-66.4,-9.9],[-66.4,-9.8],[-66.3,-9.8],[-66.2,-9.8],[-66.1,-9.8],[-66.0,-9.8],[-65.9,-9.8],[-65.8,-9.8],[-65.8,-9.7],[-65.8,-9.8],[-65.7,-9.8],[-65.6,-9.8],[-65.5,-9.8],[-65.5,-9.7],[-65.4,-9.7],[-65.3,-9.8],[-65.3,-9.9],[-65.3,-10.0],[-65.3,-10.1],[-65.3,-10.2],[-65.3,-10.3],[-65.4,-10.3],[-65.4,-10.4],[-65.4,-10.5],[-65.4,-10.6],[-65.4,-10.7],[-65.4,-10.8],[-65.3,-10.8],[-65.3,-10.9],[-65.3,-11.0],[-65.3,-11.1],[-65.4,-11.1],[-65.4,-11.2],[-65.4,-11.3],[-65.3,-11.3],[-65.3,-11.4],[-65.4,-11.4],[-65.3,-11.5],[-65.2,-11.5],[-65.2,-11.6],[-65.2,-11.7],[-65.2,-11.8],[-65.1,-11.8],[-65.1,-11.7],[-65.1,-11.8],[-65.0,-11.8],[-65.0,-11.9],[-65.0,-12.0],[-64.9,-12.0],[-64.8,-12.0],[-64.8,-12.1],[-64.7,-12.1],[-64.7,-12.2],[-64.6,-12.2],[-64.5,-12.2],[-64.5,-12.3],[-64.5,-12.4],[-64.4,-12.4],[-64.4,-12.5],[-64.3,-12.5],[-64.2,-12.5],[-64.1,-12.5],[-64.0,-12.5],[-63.9,-12.5],[-63.8,-12.5],[-63.7,-12.5],[-63.6,-12.5],[-63.5,-12.5],[-63.5,-12.6],[-63.4,-12.6],[-63.4,-12.7],[-63.3,-12.7],[-63.2,-12.7],[-63.2,-12.6],[-63.1,-12.6],[-63.1,-12.7],[-63.0,-12.7],[-63.1,-12.7],[-63.0,-12.7],[-63.0,-12.8],[-63.0,-12.9],[-62.9,-12.9],[-62.9,-12.8],[-62.9,-12.9],[-62.8,-12.9],[-62.8,-13.0],[-62.7,-13.0],[-62.6,-13.0],[-62.6,-13.1],[-62.5,-13.1],[-62.4,-13.1],[-62.3,-13.1],[-62.2,-13.1],[-62.1,-13.1],[-62.1,-13.2],[-62.1,-13.1],[-62.1,-13.2],[-62.1,-13.3],[-62.0,-13.3],[-62.0,-13.4],[-61.9,-13.4],[-61.9,-13.5],[-61.8,-13.5],[-61.7,-13.5],[-61.6,-13.5],[-61.5,-13.5],[-61.4,-13.5],[-61.3,-13.5],[-61.2,-13.5],[-61.1,-13.5],[-61.0,-13.5],[-60.9,-13.5],[-60.9,-13.6],[-60.8,-13.6],[-60.7,-13.7],[-60.6,-13.7],[-60.6,-13.8],[-60.5,-13.8],[-60.5,-13.9],[-60.4,-13.9],[-60.4,-14.0],[-60.4,-14.1],[-60.5,-14.1],[-60.5,-14.2],[-60.5,-14.3],[-60.4,-14.3],[-60.4,-14.4],[-60.3,-14.5],[-60.4,-14.5],[-60.4,-14.6],[-60.3,-14.6],[-60.3,-14.7],[-60.3,-14.8],[-60.3,-14.9],[-60.3,-15.0],[-60.3,-15.1],[-60.4,-15.1],[-60.6,-15.1],[-60.5,-15.1],[-60.5,-15.2],[-60.4,-15.3],[-60.3,-15.5],[-60.2,-15.5],[-60.2,-15.7],[-60.2,-15.9],[-60.2,-16.0],[-60.2,-16.1],[-60.2,-16.2],[-60.2,-16.3],[-60.1,-16.3],[-59.9,-16.3],[-59.7,-16.3],[-59.5,-16.3],[-59.3,-16.3],[-59.1,-16.3],[-58.9,-16.3],[-58.7,-16.3],[-58.5,-16.3],[-58.4,-16.3],[-58.3,-16.3],[-58.3,-16.4],[-58.4,-16.4],[-58.3,-16.5],[-58.4,-16.5],[-58.5,-16.6],[-58.5,-16.7],[-58.5,-16.8],[-58.5,-16.9],[-58.4,-17.0],[-58.4,-17.1],[-58.4,-17.2],[-58.4,-17.3],[-58.3,-17.3],[-58.2,-17.3],[-58.2,-17.4],[-58.1,-17.4],[-58.1,-17.5],[-58.0,-17.5],[-57.9,-17.5],[-57.8,-17.5],[-57.8,-17.6],[-57.8,-17.7],[-57.7,-17.7],[-57.7,-17.8],[-57.6,-18.0],[-57.6,-18.1],[-57.6,-18.2],[-57.5,-18.2],[-57.6,-18.2],[-57.6,-18.3],[-57.6,-18.4],[-57.7,-18.6],[-57.7,-18.7],[-57.8,-18.9],[-57.7,-18.9],[-57.7,-19.0],[-57.8,-19.0],[-57.8,-19.1],[-57.8,-19.2],[-57.9,-19.3],[-58.0,-19.4],[-58.0,-19.5],[-58.1,-19.6],[-58.1,-19.7],[-58.1,-19.8],[-58.0,-19.8],[-58.0,-19.9],[-57.9,-20.0],[-58.0,-20.0],[-58.0,-20.1],[-58.1,-20.1],[-58.1,-20.2],[-58.2,-20.2],[-58.2,-20.1],[-58.1,-20.1],[-58.1,-20.0],[-58.2,-19.9],[-58.2,-19.8],[-58.3,-19.7],[-58.4,-19.7],[-58.5,-19.6],[-58.6,-19.6],[-58.7,-19.5],[-58.8,-19.5],[-58.9,-19.4],[-59.0,-19.4],[-59.0,-19.3],[-59.1,-19.3],[-59.2,-19.3],[-59.4,-19.3],[-59.5,-19.3],[-59.7,-19.3],[-59.9,-19.3],[-60.0,-19.3],[-60.2,-19.3],[-60.5,-19.4],[-60.8,-19.5],[-61.2,-19.5],[-61.5,-19.6],[-61.6,-19.6],[-61.7,-19.6],[-61.8,-19.6],[-61.8,-19.7],[-61.8,-19.8],[-61.8,-19.9],[-61.9,-19.9],[-61.9,-20.0],[-61.9,-20.1],[-62.0,-20.1],[-62.0,-20.2],[-62.1,-20.3],[-62.1,-20.4],[-62.2,-20.4],[-62.2,-20.5],[-62.3,-20.6],[-62.3,-20.7],[-62.3,-20.8],[-62.3,-20.9],[-62.3,-21.0],[-62.3,-21.1],[-62.3,-21.2],[-62.3,-21.3],[-62.4,-21.4],[-62.4,-21.5],[-62.4,-21.6],[-62.5,-21.8],[-62.5,-21.9],[-62.6,-22.0],[-62.6,-22.1],[-62.6,-22.2],[-62.7,-22.2],[-62.8,-22.1],[-62.8,-22.0],[-62.9,-22.0],[-63.0,-22.0],[-63.3,-22.0],[-63.6,-22.0],[-63.7,-22.0],[-63.7,-22.1],[-63.8,-22.0],[-63.9,-22.0],[-64.0,-22.0],[-64.0,-22.1],[-64.0,-22.2],[-64.1,-22.2],[-64.1,-22.3],[-64.2,-22.4],[-64.2,-22.5],[-64.3,-22.5],[-64.3,-22.7],[-64.3,-22.8],[-64.3,-22.9],[-64.3,-22.8],[-64.4,-22.8],[-64.4,-22.7],[-64.4,-22.6],[-64.5,-22.6],[-64.4,-22.6],[-64.4,-22.5],[-64.5,-22.5],[-64.5,-22.4],[-64.6,-22.4],[-64.6,-22.3],[-64.5,-22.3],[-64.6,-22.3],[-64.6,-22.2],[-64.7,-22.2],[-64.8,-22.2],[-64.8,-22.1],[-65.0,-22.1],[-65.2,-22.1],[-65.5,-22.1],[-65.6,-22.1],[-65.7,-22.1],[-65.8,-22.1],[-65.9,-21.9],[-66.0,-21.9],[-66.1,-21.9],[-66.1,-21.8],[-66.2,-21.8],[-66.3,-22.0],[-66.3,-22.1],[-66.4,-22.1],[-66.5,-22.2],[-66.6,-22.2],[-66.7,-22.2],[-66.8,-22.3],[-66.8,-22.4],[-66.9,-22.5],[-67.0,-22.5],[-67.0,-22.6],[-67.0,-22.7],[-67.1,-22.7],[-67.2,-22.8],[-67.5,-22.9],[-67.6,-22.9],[-67.8,-22.9],[-67.8,-22.8],[-67.9,-22.8],[-67.9,-22.7],[-67.9,-22.6],[-67.9,-22.5],[-67.9,-22.4],[-68.0,-22.3],[-67.9,-22.3],[-67.9,-22.2],[-68.0,-22.2],[-68.0,-22.1],[-68.0,-22.0],[-68.1,-22.0],[-68.1,-21.8],[-68.1,-21.7],[-68.2,-21.6],[-68.2,-21.3],[-68.4,-21.0],[-68.4,-20.9],[-68.5,-20.9],[-68.6,-20.9],[-68.6,-20.7],[-68.5,-20.6],[-68.6,-20.6],[-68.7,-20.5],[-68.8,-20.5],[-68.8,-20.4],[-68.7,-20.3],[-68.7,-20.2],[-68.8,-20.1],[-68.7,-20.1],[-68.6,-20.1],[-68.6,-20.0],[-68.5,-19.9],[-68.6,-19.9],[-68.6,-19.8],[-68.7,-19.8],[-68.7,-19.7],[-68.6,-19.7],[-68.6,-19.6],[-68.5,-19.5],[-68.5,-19.4],[-68.4,-19.4],[-68.5,-19.4],[-68.6,-19.3],[-68.7,-19.3],[-68.7,-19.2],[-68.8,-19.1],[-68.9,-19.1],[-68.9,-19.0],[-69.0,-19.0],[-69.0,-18.9],[-69.0,-18.7],[-69.0,-18.6],[-69.0,-18.5],[-69.1,-18.4],[-69.1,-18.3],[-69.1,-18.2],[-69.2,-18.1],[-69.1,-18.1],[-69.1,-18.0],[-69.2,-18.0],[-69.3,-18.0],[-69.3,-17.9],[-69.3,-17.8],[-69.4,-17.8],[-69.4,-17.7],[-69.5,-17.7],[-69.5,-17.6],[-69.5,-17.5]]]}},{"type":"Feature","properties":{"iso":"PER","name":"Peru"},"geometry":{"type":"MultiPolygon","coordinates":[[[[-69.5,-17.5],[-69.6,-17.6],[-69.7,-17.7],[-69.8,-17.7],[-69.9,-17.7],[-69.8,-17.8],[-69.8,-17.9],[-69.8,-18.0],[-69.8,-18.1],[-69.9,-18.1],[-69.9,-18.2],[-70.0,-18.3],[-70.1,-18.3],[-70.2,-18.3],[-70.3,-18.3],[-70.4,-18.3],[-70.5,-18.3],[-70.5,-18.2],[-70.6,-18.2],[-70.7,-18.2],[-70.7,-18.1],[-70.8,-18.1],[-70.8,-18.0],[-70.9,-18.0],[-70.9,-17.9],[-71.0,-17.9],[-71.1,-17.9],[-71.1,-17.8],[-71.2,-17.8],[-71.3,-17.7],[-71.4,-17.7],[-71.4,-17.6],[-71.4,-17.5],[-71.4,-17.4],[-71.5,-17.3],[-71.6,-17.3],[-71.6,-17.2],[-71.8,-17.2],[-71.9,-17.1],[-72.0,-17.0],[-72.1,-17.0],[-72.2,-16.9],[-72.3,-16.9],[-72.3,-16.8],[-72.4,-16.8],[-72.4,-16.7],[-72.5,-16.7],[-72.6,-16.7],[-72.7,-16.7],[-72.8,-16.6],[-72.9,-16.6],[-73.1,-16.5],[-73.1,-16.4],[-73.2,-16.4],[-73.3,-16.4],[-73.3,-16.3],[-73.4,-16.3],[-73.5,-16.3],[-73.6,-16.2],[-73.7,-16.2],[-73.8,-16.2],[-73.8,-16.1],[-73.9,-16.1],[-74.0,-16.0],[-74.1,-15.9],[-74.2,-15.9],[-74.3,-15.9],[-74.3,-15.8],[-74.4,-15.8],[-74.5,-15.8],[-74.5,-15.7],[-74.7,-15.6],[-74.8,-15.6],[-74.9,-15.5],[-75.0,-15.5],[-75.1,-15.4],[-75.2,-15.4],[-75.2,-15.3],[-75.3,-15.3],[-75.2,-15.3],[-75.2,-15.2],[-75.3,-15.2],[-75.4,-15.1],[-75.4,-15.0],[-75.5,-15.0],[-75.5,-14.9],[-75.6,-14.9],[-75.6,-14.8],[-75.7,-14.8],[-75.8,-14.7],[-75.9,-14.7],[-75.9,-14.6],[-76.0,-14.5],[-76.0,-14.4],[-76.1,-14.4],[-76.1,-14.3],[-76.1,-14.2],[-76.2,-14.2],[-76.2,-14.1],[-76.3,-14.2],[-76.3,-14.1],[-76.3,-14.0],[-76.3,-13.9],[-76.4,-13.9],[-76.4,-13.8],[-76.3,-13.8],[-76.3,-13.9],[-76.3,-13.8],[-76.2,-13.8],[-76.2,-13.7],[-76.2,-13.6],[-76.2,-13.5],[-76.2,-13.4],[-76.3,-13.3],[-76.4,-13.2],[-76.5,-13.1],[-76.5,-13.0],[-76.5,-12.9],[-76.5,-12.8],[-76.6,-12.8],[-76.7,-12.7],[-76.7,-12.6],[-76.8,-12.5],[-76.8,-12.4],[-76.9,-12.3],[-77.0,-12.2],[-77.1,-12.1],[-77.2,-12.1],[-77.2,-12.0],[-77.1,-12.0],[-77.1,-11.9],[-77.2,-11.9],[-77.2,-11.8],[-77.2,-11.7],[-77.2,-11.6],[-77.3,-11.6],[-77.3,-11.5],[-77.4,-11.5],[-77.4,-11.4],[-77.5,-11.4],[-77.6,-11.3],[-77.7,-11.2],[-77.6,-11.2],[-77.6,-11.1],[-77.6,-11.0],[-77.7,-11.0],[-77.6,-11.0],[-77.7,-11.0],[-77.7,-10.9],[-77.7,-10.8],[-77.8,-10.8],[-77.7,-10.8],[-77.8,-10.8],[-77.8,-10.7],[-77.9,-10.6],[-77.9,-10.5],[-78.0,-10.5],[-78.0,-10.4],[-78.1,-10.3],[-78.1,-10.2],[-78.2,-10.1],[-78.2,-10.0],[-78.2,-9.9],[-78.2,-9.8],[-78.3,-9.8],[-78.3,-9.7],[-78.4,-9.6],[-78.4,-9.5],[-78.4,-9.4],[-78.4,-9.3],[-78.5,-9.3],[-78.5,-9.2],[-78.6,-9.2],[-78.6,-9.1],[-78.6,-9.0],[-78.7,-9.0],[-78.6,-9.0],[-78.7,-8.9],[-78.7,-8.8],[-78.8,-8.8],[-78.8,-8.7],[-78.7,-8.7],[-78.8,-8.6],[-78.8,-8.5],[-78.9,-8.5],[-78.9,-8.4],[-79.0,-8.3],[-79.0,-8.2],[-79.1,-8.1],[-79.2,-8.0],[-79.3,-7.9],[-79.4,-7.9],[-79.4,-7.8],[-79.4,-7.7],[-79.5,-7.7],[-79.4,-7.7],[-79.5,-7.6],[-79.6,-7.5],[-79.6,-7.4],[-79.6,-7.3],[-79.6,-7.2],[-79.7,-7.2],[-79.7,-7.1],[-79.8,-7.0],[-79.9,-6.9],[-79.9,-6.8],[-80.0,-6.8],[-80.0,-6.7],[-80.1,-6.7],[-80.2,-6.6],[-80.3,-6.5],[-80.5,-6.5],[-80.7,-6.3],[-80.8,-6.3],[-80.9,-6.2],[-81.0,-6.1],[-81.1,-6.1],[-81.1,-6.0],[-81.2,-6.0],[-81.1,-5.9],[-81.2,-5.9],[-81.1,-5.9],[-81.1,-5.8],[-81.0,-5.8],[-80.9,-5.9],[-80.9,-5.8],[-80.9,-5.7],[-80.9,-5.6],[-80.9,-5.5],[-81.0,-5.4],[-81.1,-5.3],[-81.2,-5.3],[-81.2,-5.2],[-81.2,-5.1],[-81.1,-5.1],[-81.1,-5.0],[-81.1,-4.9],[-81.2,-4.9],[-81.2,-4.8],[-81.3,-4.7],[-81.3,-4.6],[-81.3,-4.5],[-81.3,-4.4],[-81.3,-4.3],[-81.3,-4.2],[-81.2,-4.2],[-81.1,-4.2],[-81.1,-4.1],[-81.0,-4.1],[-81.0,-4.0],[-81.0,-3.9],[-80.9,-3.9],[-80.9,-3.8],[-80.8,-3.8],[-80.8,-3.7],[-80.6,-3.6],[-80.5,-3.5],[-80.4,-3.5],[-80.4,-3.4],[-80.3,-3.4],[-80.3,-3.5],[-80.2,-3.5],[-80.2,-3.6],[-80.2,-3.7],[-80.2,-3.8],[-80.2,-3.9],[-80.3,-3.9],[-80.3,-4.0],[-80.4,-4.0],[-80.5,-4.0],[-80.5,-4.1],[-80.5,-4.2],[-80.4,-4.2],[-80.3,-4.2],[-80.4,-4.2],[-80.5,-4.4],[-80.4,-4.5],[-80.3,-4.4],[-80.2,-4.4],[-80.2,-4.3],[-80.1,-4.3],[-80.0,-4.4],[-79.9,-4.4],[-79.9,-4.5],[-79.8,-4.5],[-79.7,-4.5],[-79.7,-4.4],[-79.6,-4.5],[-79.5,-4.5],[-79.5,-4.6],[-79.5,-4.7],[-79.5,-4.8],[-79.4,-4.8],[-79.4,-4.9],[-79.3,-4.9],[-79.3,-5.0],[-79.2,-5.0],[-79.1,-5.0],[-79.0,-5.0],[-79.0,-4.9],[-78.9,-4.9],[-78.9,-4.8],[-78.9,-4.7],[-78.8,-4.6],[-78.7,-4.6],[-78.7,-4.5],[-78.6,-4.5],[-78.6,-4.4],[-78.7,-4.4],[-78.7,-4.3],[-78.6,-4.3],[-78.6,-4.2],[-78.6,-4.1],[-78.6,-4.0],[-78.5,-4.0],[-78.5,-3.9],[-78.5,-3.8],[-78.4,-3.8],[-78.4,-3.7],[-78.4,-3.6],[-78.4,-3.5],[-78.4,-3.4],[-78.3,-3.4],[-78.2,-3.4],[-78.2,-3.5],[-78.2,-3.4],[-78.2,-3.3],[-78.1,-3.3],[-78.1,-3.2],[-78.0,-3.2],[-77.9,-3.1],[-77.9,-3.0],[-77.8,-3.0],[-77.7,-2.9],[-77.5,-2.9],[-77.4,-2.8],[-77.3,-2.8],[-77.2,-2.7],[-77.0,-2.7],[-76.9,-2.6],[-76.8,-2.6],[-76.7,-2.6],[-76.6,-2.5],[-76.5,-2.4],[-76.4,-2.4],[-76.3,-2.3],[-76.2,-2.2],[-76.1,-2.1],[-76.0,-2.1],[-76.0,-2.0],[-75.9,-2.0],[-75.9,-1.9],[-75.8,-1.8],[-75.7,-1.7],[-75.7,-1.6],[-75.6,-1.6],[-75.6,-1.5],[-75.5,-1.4],[-75.5,-1.3],[-75.5,-1.2],[-75.5,-1.1],[-75.4,-1.0],[-75.4,-0.9],[-75.4,-1.0],[-75.3,-1.0],[-75.2,-1.0],[-75.2,-0.9],[-75.3,-0.9],[-75.3,-0.7],[-75.3,-0.6],[-75.3,-0.5],[-75.4,-0.5],[-75.4,-0.4],[-75.5,-0.4],[-75.5,-0.2],[-75.6,-0.2],[-75.6,-0.1],[-75.5,-0.1],[-75.5,-0.2],[-75.4,-0.2],[-75.4,-0.1],[-75.3,-0.1],[-75.2,-0.1],[-75.2,-0.0],[-75.1,-0.0],[-75.1,-0.1],[-75.0,-0.1],[-75.0,-0.2],[-74.9,-0.2],[-74.8,-0.2],[-74.8,-0.3],[-74.7,-0.3],[-74.7,-0.4],[-74.7,-0.3],[-74.6,-0.3],[-74.6,-0.4],[-74.5,-0.5],[-74.4,-0.5],[-74.4,-0.6],[-74.4,-0.7],[-74.3,-0.8],[-74.3,-0.9],[-74.3,-1.0],[-74.2,-1.0],[-74.1,-1.0],[-74.0,-1.1],[-73.9,-1.1],[-73.9,-1.2],[-73.8,-1.2],[-73.7,-1.2],[-73.6,-1.3],[-73.6,-1.4],[-73.5,-1.4],[-73.5,-1.5],[-73.5,-1.6],[-73.5,-1.7],[-73.4,-1.7],[-73.4,-1.8],[-73.3,-1.8],[-73.3,-1.7],[-73.2,-1.7],[-73.2,-1.8],[-73.2,-1.9],[-73.2,-2.0],[-73.1,-2.0],[-73.1,-2.1],[-73.2,-2.2],[-73.2,-2.3],[-73.1,-2.3],[-73.0,-2.3],[-73.0,-2.4],[-72.9,-2.4],[-72.8,-2.4],[-72.7,-2.4],[-72.6,-2.3],[-72.6,-2.4],[-72.5,-2.4],[-72.4,-2.4],[-72.4,-2.5],[-72.4,-2.4],[-72.3,-2.4],[-72.2,-2.4],[-72.1,-2.4],[-72.1,-2.3],[-72.0,-2.3],[-71.9,-2.3],[-71.9,-2.2],[-71.8,-2.2],[-71.8,-2.1],[-71.7,-2.1],[-71.7,-2.2],[-71.6,-2.2],[-71.5,-2.2],[-71.5,-2.3],[-71.4,-2.3],[-71.4,-2.4],[-71.3,-2.3],[-71.2,-2.3],[-71.1,-2.3],[-71.1,-2.2],[-71.1,-2.3],[-71.0,-2.3],[-71.0,-2.2],[-70.9,-2.2],[-70.8,-2.3],[-70.7,-2.3],[-70.7,-2.4],[-70.6,-2.5],[-70.6,-2.4],[-70.5,-2.4],[-70.5,-2.5],[-70.4,-2.5],[-70.3,-2.5],[-70.4,-2.5],[-70.4,-2.6],[-70.3,-2.6],[-70.3,-2.5],[-70.3,-2.6],[-70.2,-2.6],[-70.2,-2.7],[-70.1,-2.7],[-70.1,-2.6],[-70.1,-2.7],[-70.1,-2.8],[-70.2,-2.9],[-70.2,-3.0],[-70.3,-3.1],[-70.4,-3.2],[-70.5,-3.4],[-70.5,-3.5],[-70.6,-3.6],[-70.7,-3.7],[-70.7,-3.8],[-70.6,-3.9],[-70.5,-3.9],[-70.4,-3.9],[-70.4,-3.8],[-70.3,-3.8],[-70.3,-3.9],[-70.2,-3.9],[-70.2,-4.0],[-70.2,-4.1],[-70.1,-4.1],[-70.0,-4.1],[-70.0,-4.2],[-70.0,-4.3],[-70.1,-4.3],[-70.2,-4.3],[-70.3,-4.3],[-70.3,-4.2],[-70.3,-4.1],[-70.4,-4.2],[-70.4,-4.1],[-70.5,-4.1],[-70.5,-4.2],[-70.5,-4.1],[-70.6,-4.1],[-70.6,-4.2],[-70.6,-4.1],[-70.7,-4.1],[-70.7,-4.2],[-70.8,-4.2],[-70.9,-4.2],[-70.9,-4.3],[-70.9,-4.4],[-71.0,-4.4],[-71.0,-4.3],[-71.0,-4.4],[-71.1,-4.4],[-71.2,-4.4],[-71.3,-4.4],[-71.3,-4.5],[-71.4,-4.5],[-71.4,-4.4],[-71.5,-4.4],[-71.5,-4.5],[-71.6,-4.5],[-71.7,-4.5],[-71.8,-4.5],[-71.9,-4.5],[-72.0,-4.6],[-72.1,-4.6],[-72.1,-4.7],[-72.2,-4.7],[-72.3,-4.8],[-72.4,-4.8],[-72.4,-4.9],[-72.5,-4.9],[-72.5,-5.0],[-72.6,-5.0],[-72.6,-5.1],[-72.7,-5.1],[-72.8,-5.1],[-72.9,-5.1],[-72.9,-5.2],[-72.9,-5.3],[-72.9,-5.4],[-73.0,-5.4],[-73.0,-5.5],[-73.0,-5.6],[-73.0,-5.7],[-73.1,-5.8],[-73.1,-5.9],[-73.2,-6.0],[-73.2,-6.1],[-73.2,-6.2],[-73.2,-6.3],[-73.1,-6.4],[-73.1,-6.5],[-73.2,-6.5],[-73.2,-6.6],[-73.3,-6.6],[-73.4,-6.6],[-73.5,-6.7],[-73.6,-6.7],[-73.6,-6.8],[-73.7,-6.8],[-73.7,-6.9],[-73.8,-6.9],[-73.8,-7.0],[-73.8,-7.1],[-73.7,-7.2],[-73.7,-7.3],[-73.8,-7.3],[-73.9,-7.4],[-74.0,-7.4],[-73.9,-7.4],[-73.9,-7.5],[-74.0,-7.5],[-74.0,-7.6],[-73.8,-7.7],[-73.8,-7.8],[-73.7,-7.8],[-73.7,-7.9],[-73.8,-7.9],[-73.8,-8.0],[-73.7,-8.0],[-73.6,-8.1],[-73.6,-8.2],[-73.6,-8.3],[-73.5,-8.3],[-73.5,-8.4],[-73.4,-8.4],[-73.4,-8.5],[-73.3,-8.5],[-73.4,-8.6],[-73.3,-8.7],[-73.2,-8.7],[-73.1,-8.8],[-73.1,-8.9],[-73.0,-8.9],[-73.0,-9.0],[-73.0,-9.1],[-73.0,-9.2],[-73.1,-9.2],[-73.1,-9.3],[-73.2,-9.4],[-72.8,-9.4],[-72.7,-9.4],[-72.6,-9.4],[-72.6,-9.5],[-72.5,-9.5],[-72.4,-9.5],[-72.3,-9.5],[-72.3,-9.6],[-72.3,-9.7],[-72.3,-9.8],[-72.2,-9.8],[-72.2,-9.9],[-72.2,-10.0],[-72.1,-10.0],[-72.0,-10.0],[-71.8,-10.0],[-71.6,-10.0],[-71.4,-10.0],[-71.3,-10.0],[-71.2,-10.0],[-71.2,-9.9],[-71.1,-9.9],[-71.1,-9.8],[-71.0,-9.8],[-71.0,-9.7],[-70.9,-9.7],[-70.8,-9.6],[-70.7,-9.6],[-70.7,-9.5],[-70.6,-9.5],[-70.6,-9.4],[-70.5,-9.4],[-70.5,-9.5],[-70.6,-9.5],[-70.6,-9.6],[-70.6,-9.7],[-70.5,-9.7],[-70.6,-9.7],[-70.6,-9.8],[-70.6,-9.9],[-70.6,-10.0],[-70.6,-10.2],[-70.6,-10.3],[-70.6,-10.4],[-70.6,-10.5],[-70.6,-10.7],[-70.6,-10.8],[-70.6,-10.9],[-70.6,-11.0],[-70.6,-10.9],[-70.5,-10.9],[-70.5,-11.0],[-70.4,-11.0],[-70.4,-11.1],[-70.3,-11.1],[-70.2,-11.1],[-70.2,-11.0],[-70.0,-10.9],[-69.9,-10.9],[-69.8,-10.9],[-69.8,-11.0],[-69.7,-11.0],[-69.6,-11.0],[-69.5,-11.0],[-69.4,-11.2],[-69.3,-11.4],[-69.2,-11.5],[-69.1,-11.7],[-69.0,-11.9],[-68.9,-12.1],[-68.8,-12.3],[-68.7,-12.5],[-68.7,-12.6],[-68.8,-12.6],[-68.8,-12.7],[-68.7,-12.7],[-68.8,-12.7],[-68.9,-12.7],[-68.9,-12.8],[-69.0,-12.9],[-69.0,-13.0],[-69.0,-13.2],[-69.0,-13.3],[-69.0,-13.5],[-69.0,-13.6],[-69.1,-13.6],[-69.1,-13.7],[-69.0,-13.7],[-69.0,-13.8],[-69.0,-13.9],[-69.0,-14.0],[-68.9,-14.0],[-68.9,-14.1],[-68.9,-14.2],[-69.0,-14.2],[-69.0,-14.3],[-69.0,-14.4],[-69.1,-14.4],[-69.1,-14.5],[-69.2,-14.5],[-69.2,-14.6],[-69.3,-14.7],[-69.3,-14.8],[-69.4,-14.8],[-69.4,-14.9],[-69.4,-15.0],[-69.3,-15.0],[-69.3,-15.1],[-69.2,-15.2],[-69.1,-15.2],[-69.2,-15.3],[-69.3,-15.3],[-69.3,-15.4],[-69.3,-15.5],[-69.4,-15.5],[-69.4,-15.6],[-69.4,-15.7],[-69.4,-15.8],[-69.3,-15.9],[-69.3,-16.0],[-69.2,-16.1],[-69.2,-16.2],[-69.1,-16.2],[-69.0,-16.2],[-68.9,-16.3],[-68.8,-16.3],[-68.9,-16.4],[-69.0,-16.4],[-69.0,-16.5],[-69.0,-16.6],[-69.0,-16.7],[-69.1,-16.7],[-69.2,-16.7],[-69.2,-16.8],[-69.3,-16.9],[-69.4,-17.0],[-69.4,-17.1],[-69.5,-17.1],[-69.6,-17.2],[-69.6,-17.3],[-69.7,-17.3],[-69.6,-17.3],[-69.5,-17.4],[-69.5,-17.5]]],[[[-76.4,-13.8],[-76.4,-13.9],[-76.5,-13.9],[-76.5,-13.8],[-76.4,-13.8]]],[[[-80.8,-6.4],[-80.9,-6.4],[-80.8,-6.4],[-80.8,-6.5],[-80.9,-6.5],[-80.9,-6.4],[-80.8,-6.4]]]]}},{"type":"Feature","properties":{"iso":"ARG","name":"Argentina"},"geometry":{"type":"MultiPolygon","coordinates":[[[[-67.2,-22.8],[-67.1,-22.7],[-67.0,-22.7],[-67.0,-22.6],[-67.0,-22.5],[-66.9,-22.5],[-66.8,-22.4],[-66.8,-22.3],[-66.7,-22.2],[-66.6,-22.2],[-66.5,-22.2],[-66.4,-22.1],[-66.3,-22.1],[-66.3,-22.0],[-66.2,-21.8],[-66.1,-21.8],[-66.1,-21.9],[-66.0,-21.9],[-65.9,-21.9],[-65.8,-22.1],[-65.7,-22.1],[-65.6,-22.1],[-65.5,-22.1],[-65.2,-22.1],[-65.0,-22.1],[-64.8,-22.1],[-64.8,-22.2],[-64.7,-22.2],[-64.6,-22.2],[-64.6,-22.3],[-64.5,-22.3],[-64.6,-22.3],[-64.6,-22.4],[-64.5,-22.4],[-64.5,-22.5],[-64.4,-22.5],[-64.4,-22.6],[-64.5,-22.6],[-64.4,-22.6],[-64.4,-22.7],[-64.4,-22.8],[-64.3,-22.8],[-64.3,-22.9],[-64.3,-22.8],[-64.3,-22.7],[-64.3,-22.5],[-64.2,-22.5],[-64.2,-22.4],[-64.1,-22.3],[-64.1,-22.2],[-64.0,-22.2],[-64.0,-22.1],[-64.0,-22.0],[-63.9,-22.0],[-63.8,-22.0],[-63.7,-22.1],[-63.7,-22.0],[-63.6,-22.0],[-63.3,-22.0],[-63.0,-22.0],[-62.9,-22.0],[-62.8,-22.0],[-62.8,-22.1],[-62.7,-22.2],[-62.6,-22.2],[-62.6,-22.3],[-62.5,-22.3],[-62.5,-22.4],[-62.4,-22.4],[-62.4,-22.5],[-62.3,-22.5],[-62.2,-22.5],[-62.2,-22.6],[-62.3,-22.6],[-62.2,-22.6],[-62.2,-22.7],[-62.1,-22.8],[-62.1,-22.9],[-62.0,-22.9],[-62.0,-23.0],[-61.8,-23.1],[-61.8,-23.2],[-61.7,-23.2],[-61.7,-23.3],[-61.6,-23.3],[-61.5,-23.3],[-61.5,-23.4],[-61.4,-23.4],[-61.4,-23.5],[-61.3,-23.5],[-61.2,-23.5],[-61.2,-23.6],[-61.1,-23.6],[-61.1,-23.7],[-61.0,-23.7],[-61.0,-23.8],[-60.9,-23.8],[-60.9,-23.9],[-60.8,-23.9],[-60.7,-23.9],[-60.6,-23.9],[-60.5,-23.9],[-60.5,-24.0],[-60.4,-24.0],[-60.3,-24.0],[-60.2,-24.0],[-60.1,-24.0],[-60.0,-24.0],[-59.7,-24.2],[-59.6,-24.3],[-59.5,-24.3],[-59.5,-24.4],[-59.4,-24.4],[-59.4,-24.5],[-59.3,-24.5],[-59.2,-24.5],[-59.2,-24.6],[-59.1,-24.6],[-59.0,-24.6],[-58.8,-24.8],[-58.7,-24.8],[-58.5,-24.9],[-58.4,-24.9],[-58.4,-25.0],[-58.3,-25.0],[-58.2,-24.9],[-58.1,-25.0],[-58.0,-25.0],[-58.0,-25.1],[-57.9,-25.1],[-57.8,-25.1],[-57.8,-25.2],[-57.7,-25.2],[-57.7,-25.3],[-57.6,-25.4],[-57.6,-25.5],[-57.6,-25.6],[-57.7,-25.6],[-57.7,-25.7],[-57.8,-25.7],[-57.7,-25.7],[-57.8,-25.7],[-57.8,-25.8],[-57.8,-25.9],[-57.9,-25.9],[-57.9,-26.0],[-58.0,-26.1],[-58.1,-26.1],[-58.1,-26.2],[-58.2,-26.2],[-58.1,-26.2],[-58.1,-26.3],[-58.2,-26.3],[-58.2,-26.4],[-58.2,-26.5],[-58.2,-26.6],[-58.2,-26.7],[-58.2,-26.6],[-58.2,-26.7],[-58.2,-26.8],[-58.3,-26.8],[-58.4,-26.8],[-58.3,-26.8],[-58.3,-26.9],[-58.4,-26.9],[-58.5,-26.9],[-58.5,-27.0],[-58.5,-27.1],[-58.5,-27.0],[-58.6,-27.0],[-58.6,-27.1],[-58.7,-27.2],[-58.6,-27.2],[-58.6,-27.3],[-58.5,-27.3],[-58.2,-27.3],[-58.1,-27.3],[-58.0,-27.3],[-57.9,-27.3],[-57.8,-27.3],[-57.7,-27.3],[-57.5,-27.4],[-57.4,-27.4],[-57.3,-27.4],[-57.2,-27.5],[-57.1,-27.5],[-57.0,-27.4],[-56.9,-27.4],[-56.8,-27.5],[-56.7,-27.5],[-56.6,-27.5],[-56.6,-27.4],[-56.5,-27.5],[-56.5,-27.6],[-56.4,-27.6],[-56.3,-27.6],[-56.3,-27.5],[-56.3,-27.4],[-56.2,-27.4],[-56.2,-27.3],[-56.1,-27.3],[-56.0,-27.3],[-55.9,-27.3],[-55.9,-27.4],[-55.8,-27.4],[-55.7,-27.4],[-55.6,-27.4],[-55.6,-27.3],[-55.6,-27.2],[-55.5,-27.1],[-55.4,-27.0],[-55.3,-27.0],[-55.3,-26.9],[-55.2,-26.9],[-55.2,-27.0],[-55.1,-27.0],[-55.1,-26.9],[-55.1,-26.8],[-55.0,-26.8],[-54.9,-26.7],[-54.8,-26.7],[-54.8,-26.6],[-54.8,-26.5],[-54.7,-26.5],[-54.7,-26.4],[-54.7,-26.3],[-54.7,-26.2],[-54.6,-26.2],[-54.7,-26.2],[-54.7,-26.1],[-54.6,-26.1],[-54.7,-26.0],[-54.6,-26.0],[-54.6,-25.9],[-54.6,-25.8],[-54.6,-25.7],[-54.6,-25.6],[-54.5,-25.6],[-54.5,-25.7],[-54.4,-25.7],[-54.4,-25.6],[-54.3,-25.6],[-54.2,-25.6],[-54.2,-25.5],[-54.1,-25.5],[-54.1,-25.6],[-54.0,-25.6],[-54.0,-25.7],[-53.9,-25.7],[-53.9,-25.6],[-53.9,-25.7],[-53.9,-25.8],[-53.8,-25.8],[-53.8,-25.9],[-53.8,-26.0],[-53.8,-26.1],[-53.7,-26.1],[-53.7,-26.2],[-53.7,-26.3],[-53.7,-26.4],[-53.7,-26.5],[-53.7,-26.6],[-53.7,-26.5],[-53.7,-26.6],[-53.7,-26.7],[-53.8,-26.7],[-53.7,-26.7],[-53.8,-26.8],[-53.7,-26.8],[-53.7,-26.9],[-53.8,-27.0],[-53.8,-27.1],[-53.8,-27.2],[-53.9,-27.1],[-53.9,-27.2],[-54.0,-27.1],[-54.0,-27.2],[-54.1,-27.3],[-54.2,-27.3],[-54.2,-27.2],[-54.2,-27.3],[-54.2,-27.4],[-54.3,-27.4],[-54.4,-27.4],[-54.4,-27.5],[-54.4,-27.4],[-54.5,-27.4],[-54.4,-27.4],[-54.4,-27.5],[-54.5,-27.5],[-54.6,-27.5],[-54.7,-27.5],[-54.7,-27.6],[-54.8,-27.6],[-54.8,-27.5],[-54.8,-27.6],[-54.9,-27.6],[-54.9,-27.7],[-55.0,-27.8],[-55.1,-27.8],[-55.0,-27.8],[-55.0,-27.9],[-55.1,-27.8],[-55.1,-27.9],[-55.2,-27.9],[-55.3,-27.9],[-55.3,-28.0],[-55.4,-28.0],[-55.4,-28.1],[-55.5,-28.1],[-55.6,-28.1],[-55.6,-28.2],[-55.7,-28.2],[-55.8,-28.2],[-55.8,-28.3],[-55.7,-28.3],[-55.7,-28.4],[-55.8,-28.4],[-55.8,-28.3],[-55.9,-28.4],[-55.9,-28.5],[-56.0,-28.5],[-56.0,-28.6],[-56.1,-28.6],[-56.2,-28.7],[-56.2,-28.8],[-56.3,-28.8],[-56.3,-28.9],[-56.4,-29.0],[-56.4,-29.1],[-56.5,-29.1],[-56.6,-29.1],[-56.6,-29.2],[-56.7,-29.2],[-56.7,-29.3],[-56.7,-29.4],[-56.8,-29.4],[-56.8,-29.5],[-56.9,-29.5],[-56.9,-29.6],[-57.0,-29.6],[-57.0,-29.7],[-57.1,-29.8],[-57.2,-29.8],[-57.3,-29.8],[-57.3,-30.0],[-57.4,-30.0],[-57.5,-30.1],[-57.5,-30.2],[-57.6,-30.2],[-57.6,-30.3],[-57.7,-30.3],[-57.8,-30.5],[-57.9,-30.5],[-57.9,-30.6],[-57.8,-30.6],[-57.8,-30.7],[-57.8,-30.8],[-57.8,-30.9],[-57.9,-30.9],[-57.9,-31.0],[-57.9,-31.1],[-57.9,-31.2],[-57.9,-31.3],[-58.0,-31.3],[-58.0,-31.4],[-58.1,-31.4],[-58.1,-31.5],[-58.0,-31.5],[-58.0,-31.6],[-58.0,-31.8],[-58.1,-31.8],[-58.2,-31.8],[-58.2,-31.9],[-58.1,-32.0],[-58.1,-32.1],[-58.2,-32.1],[-58.2,-32.2],[-58.1,-32.3],[-58.2,-32.4],[-58.2,-32.5],[-58.2,-32.7],[-58.2,-32.8],[-58.1,-32.9],[-58.2,-33.0],[-58.1,-33.0],[-58.2,-33.1],[-58.4,-33.1],[-58.4,-33.2],[-58.4,-33.3],[-58.5,-33.3],[-58.5,-33.4],[-58.5,-33.5],[-58.5,-33.6],[-58.5,-33.7],[-58.5,-33.8],[-58.5,-33.9],[-58.4,-34.0],[-58.4,-34.1],[-58.4,-34.2],[-58.4,-34.3],[-58.5,-34.3],[-58.6,-34.3],[-58.5,-34.3],[-58.5,-34.4],[-58.5,-34.5],[-58.4,-34.5],[-58.4,-34.6],[-58.3,-34.6],[-58.3,-34.7],[-58.2,-34.7],[-58.2,-34.8],[-58.1,-34.8],[-58.0,-34.8],[-57.9,-34.8],[-57.8,-34.9],[-57.7,-34.9],[-57.6,-35.0],[-57.5,-35.0],[-57.4,-35.1],[-57.3,-35.1],[-57.3,-35.2],[-57.2,-35.2],[-57.2,-35.3],[-57.2,-35.4],[-57.1,-35.4],[-57.1,-35.5],[-57.2,-35.5],[-57.2,-35.6],[-57.3,-35.7],[-57.4,-35.7],[-57.4,-35.8],[-57.4,-35.9],[-57.4,-36.0],[-57.3,-36.0],[-57.3,-36.1],[-57.3,-36.2],[-57.2,-36.2],[-57.1,-36.3],[-57.0,-36.3],[-56.9,-36.4],[-56.9,-36.3],[-56.8,-36.3],[-56.7,-36.3],[-56.7,-36.4],[-56.7,-36.5],[-56.7,-36.6],[-56.7,-36.7],[-56.7,-36.9],[-56.8,-37.0],[-56.9,-37.2],[-57.0,-37.3],[-57.1,-37.4],[-57.2,-37.5],[-57.2,-37.6],[-57.3,-37.6],[-57.3,-37.7],[-57.4,-37.7],[-57.5,-37.8],[-57.5,-37.9],[-57.5,-38.0],[-57.5,-38.1],[-57.6,-38.1],[-57.6,-38.2],[-57.7,-38.2],[-57.8,-38.3],[-57.9,-38.3],[-58.0,-38.4],[-58.1,-38.4],[-58.2,-38.4],[-58.3,-38.5],[-58.4,-38.5],[-58.5,-38.5],[-58.6,-38.6],[-58.7,-38.6],[-58.9,-38.6],[-59.0,-38.7],[-59.1,-38.7],[-59.3,-38.7],[-59.6,-38.8],[-59.8,-38.8],[-59.9,-38.8],[-60.3,-38.9],[-60.5,-38.9],[-60.7,-38.9],[-60.9,-39.0],[-61.0,-39.0],[-61.1,-39.0],[-61.3,-39.0],[-61.4,-39.0],[-61.5,-39.0],[-61.7,-39.0],[-61.8,-39.0],[-62.0,-38.9],[-62.1,-38.9],[-62.1,-38.8],[-62.2,-38.8],[-62.3,-38.8],[-62.4,-38.8],[-62.4,-38.9],[-62.3,-38.9],[-62.3,-39.0],[-62.3,-39.1],[-62.4,-39.1],[-62.3,-39.1],[-62.3,-39.2],[-62.3,-39.3],[-62.3,-39.2],[-62.3,-39.3],[-62.2,-39.3],[-62.1,-39.3],[-62.0,-39.3],[-62.0,-39.4],[-62.1,-39.4],[-62.2,-39.4],[-62.2,-39.3],[-62.3,-39.3],[-62.2,-39.3],[-62.2,-39.4],[-62.1,-39.4],[-62.1,-39.5],[-62.1,-39.6],[-62.1,-39.7],[-62.1,-39.8],[-62.2,-39.9],[-62.2,-39.8],[-62.3,-39.8],[-62.3,-39.9],[-62.3,-40.0],[-62.4,-40.0],[-62.4,-40.1],[-62.3,-40.1],[-62.4,-40.2],[-62.5,-40.2],[-62.5,-40.3],[-62.5,-40.4],[-62.4,-40.4],[-62.4,-40.5],[-62.3,-40.5],[-62.3,-40.6],[-62.3,-40.7],[-62.2,-40.6],[-62.2,-40.7],[-62.3,-40.7],[-62.3,-40.8],[-62.3,-40.9],[-62.5,-40.9],[-62.6,-41.0],[-62.7,-41.0],[-62.8,-41.0],[-62.8,-41.1],[-62.9,-41.1],[-63.1,-41.1],[-63.1,-41.2],[-63.3,-41.1],[-63.4,-41.2],[-63.5,-41.2],[-63.6,-41.2],[-63.8,-41.2],[-63.9,-41.1],[-64.0,-41.1],[-64.0,-41.0],[-64.1,-41.0],[-64.2,-41.0],[-64.4,-40.9],[-64.6,-40.9],[-64.6,-40.8],[-64.7,-40.8],[-64.8,-40.8],[-64.9,-40.8],[-64.8,-40.8],[-64.9,-40.8],[-64.8,-40.8],[-64.7,-40.8],[-64.8,-40.8],[-64.8,-40.7],[-64.9,-40.7],[-65.0,-40.7],[-64.9,-40.7],[-64.9,-40.8],[-65.0,-40.8],[-65.1,-40.8],[-65.1,-40.9],[-65.2,-40.9],[-65.2,-41.0],[-65.1,-41.2],[-65.1,-41.3],[-65.1,-41.4],[-65.0,-41.5],[-65.0,-41.6],[-65.0,-41.7],[-65.0,-41.8],[-65.1,-41.9],[-65.1,-42.0],[-65.0,-42.1],[-64.9,-42.2],[-64.8,-42.2],[-64.7,-42.2],[-64.6,-42.2],[-64.6,-42.3],[-64.6,-42.2],[-64.5,-42.2],[-64.5,-42.3],[-64.6,-42.4],[-64.5,-42.4],[-64.4,-42.4],[-64.3,-42.4],[-64.1,-42.4],[-64.1,-42.3],[-64.0,-42.3],[-64.1,-42.3],[-64.2,-42.3],[-64.3,-42.3],[-64.3,-42.2],[-64.2,-42.2],[-64.0,-42.2],[-64.0,-42.1],[-63.9,-42.1],[-63.8,-42.1],[-63.7,-42.1],[-63.7,-42.2],[-63.6,-42.3],[-63.6,-42.4],[-63.6,-42.6],[-63.6,-42.7],[-63.6,-42.8],[-63.7,-42.8],[-63.9,-42.9],[-64.0,-42.9],[-64.1,-42.9],[-64.2,-42.8],[-64.3,-42.8],[-64.2,-42.7],[-64.2,-42.6],[-64.3,-42.6],[-64.3,-42.5],[-64.4,-42.5],[-64.5,-42.5],[-64.6,-42.5],[-64.7,-42.5],[-64.7,-42.6],[-64.8,-42.6],[-64.9,-42.6],[-64.9,-42.7],[-65.0,-42.7],[-65.0,-42.8],[-64.9,-42.8],[-64.7,-42.9],[-64.6,-42.9],[-64.5,-42.9],[-64.5,-43.0],[-64.4,-43.0],[-64.3,-43.0],[-64.4,-43.1],[-64.6,-43.1],[-64.8,-43.1],[-64.9,-43.2],[-65.0,-43.3],[-65.0,-43.4],[-65.1,-43.4],[-65.2,-43.5],[-65.3,-43.6],[-65.3,-43.7],[-65.3,-43.8],[-65.3,-43.9],[-65.3,-44.0],[-65.2,-44.0],[-65.3,-44.0],[-65.2,-44.0],[-65.2,-44.1],[-65.3,-44.1],[-65.3,-44.2],[-65.3,-44.3],[-65.2,-44.3],[-65.2,-44.4],[-65.3,-44.4],[-65.3,-44.5],[-65.4,-44.5],[-65.4,-44.6],[-65.5,-44.6],[-65.6,-44.6],[-65.6,-44.7],[-65.7,-44.7],[-65.7,-44.8],[-65.7,-44.9],[-65.6,-44.9],[-65.5,-44.9],[-65.6,-45.0],[-65.7,-45.0],[-65.7,-45.1],[-65.7,-45.0],[-65.8,-45.0],[-65.9,-45.0],[-66.0,-45.0],[-66.1,-45.0],[-66.2,-45.0],[-66.3,-45.0],[-66.3,-45.1],[-66.3,-45.0],[-66.4,-45.0],[-66.4,-45.1],[-66.5,-45.1],[-66.5,-45.2],[-66.6,-45.1],[-66.6,-45.2],[-66.5,-45.2],[-66.6,-45.2],[-66.7,-45.2],[-66.8,-45.2],[-66.9,-45.2],[-66.9,-45.3],[-67.0,-45.3],[-67.1,-45.3],[-67.1,-45.4],[-67.2,-45.5],[-67.3,-45.6],[-67.4,-45.7],[-67.3,-45.7],[-67.4,-45.7],[-67.4,-45.8],[-67.5,-45.8],[-67.5,-45.9],[-67.5,-46.0],[-67.6,-46.0],[-67.6,-46.1],[-67.6,-46.2],[-67.6,-46.3],[-67.5,-46.4],[-67.4,-46.6],[-67.3,-46.6],[-67.2,-46.7],[-67.1,-46.7],[-67.1,-46.8],[-67.0,-46.8],[-66.9,-46.9],[-66.8,-47.0],[-66.7,-47.0],[-66.6,-47.1],[-66.6,-47.0],[-66.5,-47.0],[-66.5,-47.1],[-66.4,-47.1],[-66.3,-47.1],[-66.2,-47.1],[-66.1,-47.1],[-66.0,-47.1],[-65.9,-47.1],[-65.8,-47.1],[-65.8,-47.2],[-65.7,-47.2],[-65.8,-47.2],[-65.7,-47.3],[-65.7,-47.4],[-65.7,-47.5],[-65.8,-47.6],[-65.8,-47.7],[-65.9,-47.7],[-65.9,-47.8],[-65.9,-47.7],[-66.0,-47.7],[-66.1,-47.8],[-66.2,-47.8],[-66.3,-47.9],[-66.4,-47.9],[-66.3,-47.9],[-66.2,-47.8],[-66.1,-47.8],[-66.0,-47.8],[-65.9,-47.8],[-65.9,-47.9],[-65.8,-47.9],[-65.8,-48.0],[-65.8,-47.9],[-65.9,-47.9],[-65.9,-48.0],[-66.0,-48.0],[-65.9,-48.0],[-66.0,-48.0],[-66.0,-48.1],[-65.9,-48.1],[-66.0,-48.1],[-66.1,-48.1],[-66.1,-48.2],[-66.2,-48.2],[-66.3,-48.2],[-66.3,-48.3],[-66.4,-48.3],[-66.3,-48.4],[-66.4,-48.4],[-66.5,-48.4],[-66.6,-48.4],[-66.7,-48.4],[-66.7,-48.5],[-66.8,-48.5],[-66.9,-48.5],[-66.9,-48.6],[-67.0,-48.6],[-67.1,-48.7],[-67.2,-48.8],[-67.3,-48.9],[-67.4,-48.9],[-67.6,-49.0],[-67.6,-49.1],[-67.6,-49.2],[-67.7,-49.2],[-67.7,-49.3],[-67.8,-49.3],[-67.7,-49.3],[-67.7,-49.4],[-67.8,-49.4],[-67.7,-49.4],[-67.7,-49.3],[-67.6,-49.3],[-67.6,-49.2],[-67.6,-49.3],[-67.7,-49.4],[-67.7,-49.5],[-67.7,-49.6],[-67.7,-49.7],[-67.7,-49.8],[-67.8,-49.8],[-67.8,-49.9],[-67.8,-50.0],[-67.9,-50.0],[-68.0,-50.0],[-68.1,-50.1],[-68.2,-50.1],[-68.3,-50.1],[-68.4,-50.1],[-68.4,-50.0],[-68.5,-50.0],[-68.5,-49.9],[-68.6,-49.9],[-68.6,-49.8],[-68.7,-49.8],[-68.7,-49.7],[-68.7,-49.8],[-68.6,-49.8],[-68.6,-49.9],[-68.6,-50.0],[-68.7,-50.0],[-68.8,-50.0],[-68.9,-50.0],[-69.0,-50.0],[-68.9,-50.0],[-68.8,-50.0],[-68.7,-50.0],[-68.6,-50.0],[-68.5,-50.0],[-68.5,-50.1],[-68.4,-50.1],[-68.3,-50.1],[-68.4,-50.2],[-68.6,-50.3],[-68.7,-50.3],[-68.8,-50.3],[-68.9,-50.3],[-68.9,-50.4],[-69.0,-50.4],[-69.0,-50.5],[-69.1,-50.5],[-69.1,-50.6],[-69.1,-50.7],[-69.1,-50.8],[-69.1,-50.9],[-69.2,-50.9],[-69.3,-51.0],[-69.4,-51.0],[-69.4,-51.1],[-69.3,-51.0],[-69.2,-51.0],[-69.1,-51.1],[-69.1,-51.2],[-69.1,-51.3],[-69.0,-51.5],[-69.0,-51.6],[-69.1,-51.6],[-69.2,-51.6],[-69.3,-51.6],[-69.4,-51.6],[-69.5,-51.6],[-69.6,-51.6],[-69.4,-51.6],[-69.3,-51.6],[-69.2,-51.6],[-69.2,-51.7],[-69.1,-51.7],[-69.1,-51.6],[-69.0,-51.6],[-68.9,-51.6],[-68.9,-51.8],[-68.8,-51.8],[-68.8,-51.9],[-68.7,-52.0],[-68.5,-52.2],[-68.4,-52.3],[-68.4,-52.4],[-68.4,-52.3],[-68.5,-52.3],[-68.6,-52.3],[-68.8,-52.2],[-68.9,-52.2],[-69.0,-52.2],[-69.2,-52.1],[-69.5,-52.1],[-69.7,-52.1],[-69.8,-52.0],[-70.0,-52.0],[-70.3,-52.0],[-70.5,-52.0],[-70.7,-52.0],[-70.9,-52.0],[-71.2,-52.0],[-71.4,-52.0],[-71.6,-52.0],[-71.8,-52.0],[-71.9,-52.0],[-72.0,-52.0],[-72.0,-51.9],[-71.9,-51.9],[-72.0,-51.9],[-72.0,-51.8],[-72.1,-51.8],[-72.1,-51.7],[-72.2,-51.7],[-72.3,-51.7],[-72.3,-51.6],[-72.4,-51.6],[-72.5,-51.6],[-72.4,-51.5],[-72.3,-51.5],[-72.4,-51.4],[-72.3,-51.4],[-72.3,-51.3],[-72.3,-51.2],[-72.4,-51.2],[-72.4,-51.1],[-72.4,-51.0],[-72.3,-51.0],[-72.3,-50.9],[-72.3,-50.8],[-72.3,-50.7],[-72.3,-50.6],[-72.4,-50.6],[-72.5,-50.6],[-72.6,-50.7],[-72.7,-50.7],[-72.7,-50.6],[-72.8,-50.6],[-72.9,-50.7],[-73.0,-50.7],[-73.1,-50.8],[-73.2,-50.7],[-73.2,-50.6],[-73.3,-50.6],[-73.3,-50.5],[-73.3,-50.4],[-73.3,-50.3],[-73.3,-50.2],[-73.4,-50.2],[-73.5,-50.1],[-73.5,-50.0],[-73.6,-49.9],[-73.5,-49.9],[-73.5,-49.8],[-73.2,-49.7],[-73.1,-49.6],[-73.1,-49.5],[-73.1,-49.4],[-73.1,-49.3],[-73.2,-49.3],[-73.2,-49.2],[-73.1,-49.1],[-73.0,-49.0],[-72.9,-49.0],[-72.8,-48.9],[-72.7,-48.9],[-72.6,-48.8],[-72.6,-48.7],[-72.6,-48.6],[-72.6,-48.5],[-72.5,-48.4],[-72.4,-48.4],[-72.4,-48.3],[-72.3,-48.3],[-72.3,-48.4],[-72.3,-48.3],[-72.3,-48.2],[-72.3,-48.1],[-72.4,-48.1],[-72.4,-48.0],[-72.5,-48.0],[-72.5,-47.9],[-72.5,-47.8],[-72.5,-47.7],[-72.4,-47.6],[-72.3,-47.6],[-72.3,-47.5],[-72.4,-47.5],[-72.3,-47.4],[-72.2,-47.4],[-72.1,-47.4],[-72.1,-47.3],[-72.0,-47.3],[-72.0,-47.2],[-71.9,-47.2],[-71.9,-47.1],[-72.0,-47.1],[-72.0,-47.0],[-71.9,-47.0],[-72.0,-47.0],[-72.0,-46.9],[-71.9,-46.9],[-71.9,-46.8],[-72.0,-46.8],[-71.9,-46.8],[-71.8,-46.8],[-71.8,-46.7],[-71.7,-46.7],[-71.7,-46.6],[-71.7,-46.5],[-71.8,-46.4],[-71.8,-46.3],[-71.8,-46.2],[-71.9,-46.2],[-71.9,-46.1],[-71.8,-46.1],[-71.7,-46.1],[-71.6,-46.0],[-71.6,-45.9],[-71.7,-45.9],[-71.8,-45.8],[-71.7,-45.8],[-71.8,-45.8],[-71.8,-45.7],[-71.8,-45.6],[-71.7,-45.6],[-71.8,-45.6],[-71.7,-45.5],[-71.6,-45.5],[-71.5,-45.5],[-71.5,-45.4],[-71.4,-45.4],[-71.4,-45.3],[-71.3,-45.3],[-71.3,-45.2],[-71.4,-45.2],[-71.5,-45.1],[-71.6,-45.0],[-71.7,-45.0],[-71.7,-44.9],[-71.8,-44.9],[-71.9,-44.9],[-72.0,-44.9],[-72.1,-44.9],[-72.1,-44.8],[-72.0,-44.8],[-71.9,-44.8],[-71.8,-44.8],[-71.7,-44.8],[-71.6,-44.8],[-71.5,-44.8],[-71.5,-44.7],[-71.5,-44.8],[-71.4,-44.8],[-71.3,-44.8],[-71.2,-44.7],[-71.2,-44.6],[-71.1,-44.6],[-71.1,-44.5],[-71.2,-44.5],[-71.2,-44.4],[-71.3,-44.4],[-71.4,-44.4],[-71.6,-44.4],[-71.7,-44.4],[-71.8,-44.4],[-71.9,-44.4],[-71.8,-44.3],[-71.8,-44.2],[-71.8,-44.1],[-71.9,-44.1],[-71.8,-44.1],[-71.7,-44.0],[-71.7,-43.9],[-71.7,-43.8],[-71.8,-43.8],[-71.8,-43.7],[-71.7,-43.7],[-71.7,-43.6],[-71.8,-43.6],[-71.8,-43.5],[-71.9,-43.5],[-71.9,-43.4],[-71.9,-43.5],[-72.0,-43.4],[-71.9,-43.4],[-71.9,-43.3],[-71.8,-43.3],[-71.7,-43.3],[-71.8,-43.3],[-71.8,-43.2],[-71.7,-43.2],[-71.8,-43.2],[-71.9,-43.1],[-72.0,-43.1],[-72.1,-43.1],[-72.1,-43.0],[-72.1,-42.9],[-72.1,-42.7],[-72.1,-42.6],[-72.1,-42.5],[-72.0,-42.5],[-72.1,-42.4],[-72.1,-42.3],[-72.1,-42.2],[-72.0,-42.1],[-71.9,-42.2],[-71.9,-42.1],[-71.8,-42.1],[-71.7,-42.1],[-71.7,-42.0],[-71.8,-42.0],[-71.8,-41.9],[-71.8,-41.8],[-71.9,-41.8],[-71.9,-41.7],[-71.9,-41.6],[-71.9,-41.5],[-71.9,-41.4],[-71.9,-41.3],[-71.9,-41.2],[-71.9,-41.1],[-71.9,-41.0],[-71.9,-40.9],[-71.9,-40.8],[-72.0,-40.7],[-71.9,-40.7],[-71.9,-40.6],[-71.8,-40.6],[-71.9,-40.6],[-71.9,-40.5],[-71.8,-40.5],[-71.8,-40.4],[-71.7,-40.4],[-71.7,-40.3],[-71.8,-40.3],[-71.8,-40.2],[-71.8,-40.1],[-71.7,-40.1],[-71.7,-40.0],[-71.6,-39.9],[-71.7,-39.9],[-71.7,-39.8],[-71.7,-39.7],[-71.7,-39.6],[-71.6,-39.6],[-71.5,-39.6],[-71.5,-39.5],[-71.5,-39.4],[-71.4,-39.4],[-71.4,-39.3],[-71.4,-39.2],[-71.4,-39.1],[-71.4,-39.0],[-71.4,-38.9],[-71.3,-38.9],[-71.3,-38.8],[-71.2,-38.8],[-71.1,-38.8],[-71.0,-38.7],[-71.0,-38.8],[-70.9,-38.7],[-70.9,-38.6],[-70.8,-38.6],[-70.8,-38.5],[-70.9,-38.5],[-71.0,-38.5],[-71.0,-38.4],[-71.0,-38.3],[-71.0,-38.2],[-71.0,-38.1],[-71.0,-38.0],[-71.1,-38.0],[-71.1,-37.9],[-71.1,-37.8],[-71.2,-37.7],[-71.2,-37.6],[-71.1,-37.6],[-71.1,-37.5],[-71.1,-37.4],[-71.2,-37.4],[-71.2,-37.3],[-71.2,-37.2],[-71.1,-37.2],[-71.1,-37.1],[-71.1,-37.0],[-71.2,-37.0],[-71.1,-37.0],[-71.1,-36.9],[-71.2,-36.9],[-71.2,-36.8],[-71.1,-36.7],[-71.1,-36.6],[-71.1,-36.5],[-71.0,-36.5],[-70.9,-36.5],[-70.9,-36.4],[-70.8,-36.4],[-70.7,-36.4],[-70.7,-36.3],[-70.7,-36.2],[-70.6,-36.2],[-70.6,-36.1],[-70.5,-36.1],[-70.5,-36.2],[-70.4,-36.1],[-70.4,-36.0],[-70.4,-35.9],[-70.4,-35.8],[-70.4,-35.7],[-70.4,-35.6],[-70.4,-35.5],[-70.5,-35.4],[-70.4,-35.4],[-70.4,-35.3],[-70.5,-35.3],[-70.6,-35.3],[-70.5,-35.2],[-70.4,-35.2],[-70.4,-35.1],[-70.4,-35.0],[-70.3,-34.8],[-70.3,-34.7],[-70.2,-34.6],[-70.2,-34.5],[-70.1,-34.5],[-70.1,-34.4],[-70.1,-34.3],[-70.0,-34.3],[-69.9,-34.3],[-69.8,-34.2],[-69.9,-34.2],[-69.9,-34.1],[-69.9,-34.0],[-69.9,-33.9],[-69.9,-33.8],[-69.9,-33.7],[-69.9,-33.6],[-69.9,-33.5],[-69.8,-33.5],[-69.8,-33.4],[-69.8,-33.3],[-69.9,-33.2],[-70.0,-33.3],[-70.0,-33.2],[-70.1,-33.2],[-70.1,-33.1],[-70.1,-33.0],[-70.0,-33.0],[-70.0,-32.9],[-70.1,-32.9],[-70.1,-32.8],[-70.2,-32.7],[-70.2,-32.6],[-70.1,-32.6],[-70.2,-32.5],[-70.2,-32.4],[-70.2,-32.3],[-70.3,-32.3],[-70.3,-32.2],[-70.3,-32.1],[-70.4,-32.1],[-70.4,-32.0],[-70.3,-32.0],[-70.2,-32.0],[-70.2,-31.9],[-70.3,-31.9],[-70.4,-31.9],[-70.5,-31.8],[-70.5,-31.7],[-70.6,-31.6],[-70.6,-31.5],[-70.6,-31.4],[-70.6,-31.3],[-70.5,-31.3],[-70.5,-31.2],[-70.5,-31.1],[-70.4,-31.1],[-70.4,-31.2],[-70.4,-31.1],[-70.3,-31.0],[-70.3,-30.9],[-70.3,-30.8],[-70.3,-30.7],[-70.3,-30.6],[-70.2,-30.6],[-70.2,-30.5],[-70.1,-30.4],[-70.2,-30.4],[-70.1,-30.4],[-70.0,-30.4],[-69.9,-30.4],[-69.9,-30.3],[-69.9,-30.2],[-69.8,-30.2],[-69.8,-30.1],[-69.9,-30.1],[-70.0,-30.1],[-69.9,-30.0],[-69.9,-29.9],[-69.9,-29.8],[-69.9,-29.7],[-70.0,-29.7],[-70.0,-29.6],[-70.0,-29.5],[-70.0,-29.4],[-70.0,-29.3],[-70.0,-29.2],[-69.9,-29.2],[-69.9,-29.1],[-69.8,-29.1],[-69.8,-29.0],[-69.8,-28.9],[-69.7,-28.8],[-69.8,-28.7],[-69.7,-28.6],[-69.7,-28.5],[-69.7,-28.4],[-69.6,-28.4],[-69.6,-28.3],[-69.5,-28.3],[-69.5,-28.2],[-69.4,-28.2],[-69.4,-28.1],[-69.3,-28.1],[-69.3,-28.0],[-69.2,-28.0],[-69.2,-27.9],[-69.1,-27.8],[-69.1,-27.7],[-69.1,-27.6],[-69.0,-27.6],[-69.0,-27.5],[-69.0,-27.4],[-68.9,-27.4],[-68.9,-27.3],[-68.9,-27.2],[-68.8,-27.1],[-68.7,-27.1],[-68.6,-27.2],[-68.6,-27.1],[-68.5,-27.1],[-68.4,-27.1],[-68.4,-27.0],[-68.3,-27.0],[-68.3,-26.9],[-68.5,-26.6],[-68.6,-26.6],[-68.6,-26.5],[-68.6,-26.4],[-68.6,-26.3],[-68.5,-26.3],[-68.4,-26.2],[-68.4,-26.1],[-68.5,-25.8],[-68.5,-25.7],[-68.6,-25.7],[-68.6,-25.6],[-68.6,-25.5],[-68.6,-25.4],[-68.6,-25.3],[-68.5,-25.2],[-68.5,-25.1],[-68.4,-25.1],[-68.4,-25.0],[-68.5,-25.0],[-68.5,-24.9],[-68.6,-24.9],[-68.6,-24.8],[-68.5,-24.7],[-68.5,-24.6],[-68.4,-24.6],[-68.4,-24.5],[-68.3,-24.5],[-68.3,-24.4],[-68.2,-24.4],[-68.1,-24.3],[-68.0,-24.3],[-67.9,-24.2],[-67.8,-24.2],[-67.6,-24.1],[-67.5,-24.1],[-67.4,-24.1],[-67.4,-24.0],[-67.3,-24.0],[-67.3,-23.9],[-67.3,-23.8],[-67.3,-23.7],[-67.2,-23.7],[-67.2,-23.5],[-67.1,-23.3],[-67.0,-23.1],[-67.0,-23.0],[-67.2,-22.8]]],[[[-68.7,-54.9],[-68.6,-54.9],[-68.6,-54.8],[-68.6,-54.9],[-68.7,-54.9]]],[[[-68.6,-54.8],[-68.6,-54.5],[-68.6,-54.2],[-68.6,-54.0],[-68.6,-53.7],[-68.6,-53.4],[-68.6,-53.2],[-68.6,-52.9],[-68.6,-52.6],[-68.6,-52.7],[-68.5,-52.8],[-68.4,-52.8],[-68.3,-52.9],[-68.3,-53.0],[-68.2,-53.1],[-68.3,-53.1],[-68.3,-53.0],[-68.4,-53.0],[-68.5,-53.1],[-68.6,-53.2],[-68.5,-53.3],[-68.4,-53.3],[-68.3,-53.3],[-68.2,-53.3],[-68.1,-53.3],[-68.1,-53.4],[-68.1,-53.5],[-68.0,-53.5],[-68.0,-53.6],[-67.8,-53.7],[-67.7,-53.8],[-67.6,-53.8],[-67.5,-53.8],[-67.6,-53.9],[-67.3,-54.1],[-67.1,-54.1],[-67.0,-54.2],[-66.9,-54.2],[-66.8,-54.2],[-66.7,-54.3],[-66.6,-54.4],[-66.5,-54.4],[-66.5,-54.5],[-66.4,-54.5],[-66.3,-54.5],[-65.9,-54.6],[-65.8,-54.6],[-65.8,-54.7],[-65.7,-54.7],[-65.5,-54.6],[-65.4,-54.6],[-65.3,-54.6],[-65.2,-54.6],[-65.1,-54.6],[-65.2,-54.7],[-65.2,-54.8],[-65.3,-54.8],[-65.2,-54.8],[-65.3,-54.8],[-65.3,-54.9],[-65.4,-54.9],[-65.5,-54.9],[-65.6,-54.9],[-65.6,-55.0],[-65.7,-55.0],[-65.7,-54.9],[-65.8,-54.9],[-65.9,-54.9],[-66.0,-54.9],[-66.0,-55.0],[-66.1,-55.0],[-66.2,-55.0],[-66.3,-55.0],[-66.4,-55.0],[-66.5,-55.1],[-66.6,-55.0],[-66.7,-55.0],[-66.8,-54.9],[-66.9,-54.9],[-67.0,-54.9],[-67.3,-54.9],[-67.5,-54.9],[-67.7,-54.9],[-67.9,-54.9],[-68.1,-54.8],[-68.2,-54.8],[-68.3,-54.8],[-68.5,-54.9],[-68.5,-54.8],[-68.6,-54.8]]],[[[-63.9,-54.7],[-63.8,-54.7],[-63.8,-54.8],[-63.9,-54.8],[-64.0,-54.8],[-64.1,-54.8],[-64.2,-54.8],[-64.3,-54.8],[-64.4,-54.8],[-64.5,-54.8],[-64.5,-54.9],[-64.6,-54.9],[-64.7,-54.9],[-64.8,-54.8],[-64.7,-54.8],[-64.6,-54.8],[-64.5,-54.8],[-64.6,-54.7],[-64.5,-54.7],[-64.5,-54.8],[-64.4,-54.7],[-64.4,-54.8],[-64.4,-54.7],[-64.3,-54.7],[-64.2,-54.7],[-64.1,-54.7],[-64.1,-54.8],[-64.1,-54.7],[-64.0,-54.7],[-63.9,-54.7]]],[[[-61.9,-39.1],[-61.9,-39.2],[-62.0,-39.2],[-62.1,-39.1],[-62.0,-39.1],[-61.9,-39.1],[-61.9,-39.2],[-61.9,-39.1]]],[[[-62.1,-39.0],[-62.0,-39.0],[-62.0,-39.1],[-62.1,-39.0]]],[[[-62.2,-40.4],[-62.1,-40.4],[-62.0,-40.4],[-62.0,-40.5],[-62.1,-40.5],[-62.1,-40.6],[-62.2,-40.6],[-62.2,-40.5],[-62.2,-40.4]]],[[[-62.1,-40.1],[-62.0,-40.1],[-62.0,-40.2],[-62.0,-40.3],[-62.1,-40.3],[-62.1,-40.2],[-62.1,-40.1]]]]}},{"type":"Feature","properties":{"iso":"SUR","name":"Suriname"},"geometry":{"type":"Polygon","coordinates":[[[-54.1,3.3],[-54.1,3.2],[-54.2,3.2],[-54.2,3.1],[-54.2,3.0],[-54.2,2.9],[-54.2,2.8],[-54.3,2.7],[-54.3,2.6],[-54.4,2.5],[-54.4,2.4],[-54.5,2.4],[-54.5,2.3],[-54.6,2.3],[-54.7,2.3],[-54.7,2.4],[-54.7,2.5],[-54.8,2.5],[-54.8,2.4],[-54.9,2.4],[-55.0,2.5],[-55.0,2.6],[-55.1,2.5],[-55.1,2.6],[-55.2,2.6],[-55.3,2.5],[-55.4,2.5],[-55.4,2.4],[-55.5,2.4],[-55.6,2.4],[-55.7,2.4],[-55.8,2.4],[-55.9,2.5],[-56.0,2.5],[-56.0,2.4],[-56.1,2.3],[-56.1,2.4],[-56.1,2.3],[-56.1,2.2],[-56.0,2.2],[-56.0,2.1],[-55.9,2.1],[-55.9,2.0],[-55.9,1.9],[-56.0,1.9],[-56.0,1.8],[-56.1,1.8],[-56.1,1.9],[-56.2,1.9],[-56.3,1.9],[-56.4,1.9],[-56.5,1.9],[-56.5,2.0],[-56.6,2.0],[-56.7,2.0],[-56.8,2.2],[-56.8,2.3],[-56.9,2.3],[-56.9,2.4],[-57.0,2.5],[-57.0,2.6],[-57.1,2.6],[-57.1,2.7],[-57.1,2.8],[-57.2,2.8],[-57.2,2.9],[-57.2,3.0],[-57.2,3.1],[-57.3,3.1],[-57.3,3.2],[-57.3,3.3],[-57.3,3.4],[-57.4,3.4],[-57.5,3.4],[-57.5,3.3],[-57.5,3.4],[-57.5,3.3],[-57.6,3.3],[-57.6,3.4],[-57.7,3.4],[-57.7,3.5],[-57.6,3.5],[-57.7,3.5],[-57.7,3.6],[-57.8,3.6],[-57.8,3.7],[-57.9,3.8],[-57.9,3.9],[-58.0,4.0],[-58.1,4.1],[-58.1,4.2],[-58.0,4.3],[-57.9,4.3],[-57.9,4.4],[-58.0,4.4],[-57.9,4.4],[-57.9,4.5],[-57.9,4.6],[-57.8,4.6],[-57.8,4.7],[-57.9,4.7],[-57.9,4.8],[-57.9,4.9],[-57.8,4.9],[-57.7,5.0],[-57.6,5.0],[-57.5,5.0],[-57.4,5.0],[-57.3,5.0],[-57.3,5.1],[-57.3,5.2],[-57.2,5.2],[-57.2,5.1],[-57.2,5.2],[-57.2,5.3],[-57.3,5.3],[-57.3,5.2],[-57.3,5.3],[-57.3,5.4],[-57.3,5.5],[-57.2,5.5],[-57.2,5.6],[-57.1,5.7],[-57.1,5.8],[-57.1,5.9],[-57.1,6.0],[-57.0,6.0],[-56.9,6.0],[-56.8,6.0],[-56.7,6.0],[-56.6,6.0],[-56.6,5.9],[-56.5,5.9],[-56.4,5.9],[-56.3,5.9],[-56.2,5.9],[-56.1,5.8],[-56.0,5.8],[-55.9,5.8],[-55.9,5.7],[-55.9,5.8],[-55.9,5.9],[-55.9,5.8],[-55.9,5.9],[-56.0,5.9],[-55.9,5.9],[-55.9,6.0],[-55.8,6.0],[-55.7,6.0],[-55.6,6.0],[-55.4,6.0],[-55.3,6.0],[-55.3,5.9],[-55.2,5.9],[-55.1,5.9],[-55.1,5.8],[-55.1,5.9],[-55.0,5.9],[-54.9,5.9],[-55.0,5.9],[-55.1,5.9],[-55.2,5.9],[-55.2,6.0],[-55.1,6.0],[-55.0,6.0],[-54.8,6.0],[-54.7,6.0],[-54.5,5.9],[-54.3,5.9],[-54.2,5.9],[-54.1,5.8],[-54.0,5.8],[-54.0,5.7],[-54.0,5.6],[-54.1,5.6],[-54.1,5.5],[-54.1,5.4],[-54.2,5.3],[-54.3,5.3],[-54.3,5.2],[-54.4,5.1],[-54.4,5.0],[-54.5,5.0],[-54.4,5.0],[-54.5,4.9],[-54.5,4.8],[-54.5,4.7],[-54.4,4.7],[-54.4,4.6],[-54.4,4.5],[-54.5,4.5],[-54.4,4.4],[-54.4,4.3],[-54.4,4.2],[-54.3,4.2],[-54.3,4.1],[-54.4,4.1],[-54.4,4.0],[-54.3,4.0],[-54.3,3.9],[-54.2,3.9],[-54.2,3.8],[-54.1,3.8],[-54.1,3.7],[-54.1,3.6],[-54.0,3.6],[-54.0,3.5],[-54.0,3.4],[-54.1,3.4],[-54.1,3.3]]]}},{"type":"Feature","properties":{"iso":"GUY","name":"Guyana"},"geometry":{"type":"MultiPolygon","coordinates":[[[[-56.5,1.9],[-56.6,1.9],[-56.7,1.9],[-56.8,1.9],[-56.9,1.9],[-57.0,1.9],[-57.1,1.9],[-57.1,2.0],[-57.2,2.0],[-57.2,1.9],[-57.3,2.0],[-57.4,2.0],[-57.4,1.9],[-57.5,1.8],[-57.5,1.7],[-57.6,1.7],[-57.7,1.7],[-57.8,1.7],[-57.9,1.7],[-57.9,1.6],[-58.0,1.7],[-58.0,1.6],[-58.0,1.5],[-58.1,1.5],[-58.2,1.5],[-58.2,1.6],[-58.3,1.6],[-58.4,1.6],[-58.4,1.5],[-58.5,1.5],[-58.5,1.4],[-58.5,1.3],[-58.6,1.3],[-58.7,1.3],[-58.7,1.2],[-58.8,1.2],[-58.9,1.2],[-58.9,1.3],[-59.0,1.3],[-59.2,1.4],[-59.3,1.4],[-59.3,1.5],[-59.4,1.5],[-59.4,1.6],[-59.5,1.6],[-59.5,1.7],[-59.6,1.7],[-59.7,1.7],[-59.7,1.8],[-59.6,1.8],[-59.7,1.8],[-59.7,1.9],[-59.8,1.9],[-59.7,2.0],[-59.8,2.1],[-59.7,2.1],[-59.7,2.2],[-59.7,2.3],[-59.8,2.3],[-59.9,2.3],[-59.9,2.4],[-59.9,2.5],[-59.9,2.6],[-60.0,2.6],[-60.0,2.7],[-60.0,2.9],[-60.0,3.0],[-60.0,3.1],[-59.9,3.1],[-59.9,3.2],[-59.9,3.3],[-59.8,3.3],[-59.8,3.4],[-59.8,3.5],[-59.9,3.6],[-59.8,3.6],[-59.7,3.7],[-59.7,3.8],[-59.6,3.8],[-59.6,3.9],[-59.5,3.9],[-59.5,4.0],[-59.6,4.0],[-59.7,4.1],[-59.6,4.1],[-59.7,4.2],[-59.7,4.3],[-59.7,4.4],[-59.8,4.4],[-59.8,4.5],[-59.9,4.5],[-60.0,4.5],[-60.1,4.5],[-60.2,4.5],[-60.2,4.6],[-60.1,4.6],[-60.1,4.7],[-60.0,4.7],[-60.0,4.8],[-60.0,4.9],[-60.0,5.0],[-60.0,5.1],[-60.1,5.1],[-60.1,5.2],[-60.2,5.2],[-60.2,5.3],[-60.3,5.3],[-60.3,5.2],[-60.4,5.2],[-60.5,5.2],[-60.6,5.2],[-60.7,5.2],[-60.8,5.3],[-60.9,5.4],[-61.0,5.5],[-61.1,5.6],[-61.2,5.7],[-61.3,5.8],[-61.3,5.9],[-61.4,5.9],[-61.4,6.0],[-61.3,6.0],[-61.3,6.1],[-61.2,6.1],[-61.2,6.2],[-61.1,6.2],[-61.1,6.3],[-61.2,6.3],[-61.2,6.4],[-61.1,6.4],[-61.2,6.5],[-61.2,6.6],[-61.2,6.7],[-61.1,6.7],[-61.0,6.7],[-60.9,6.7],[-60.9,6.8],[-60.8,6.8],[-60.7,6.8],[-60.6,6.8],[-60.5,6.9],[-60.4,6.9],[-60.4,7.0],[-60.3,7.0],[-60.3,7.1],[-60.3,7.2],[-60.4,7.2],[-60.5,7.2],[-60.5,7.1],[-60.6,7.2],[-60.6,7.3],[-60.6,7.4],[-60.7,7.4],[-60.7,7.5],[-60.7,7.6],[-60.6,7.6],[-60.6,7.7],[-60.6,7.8],[-60.5,7.8],[-60.4,7.8],[-60.3,7.9],[-60.2,8.0],[-60.1,8.0],[-60.0,8.0],[-60.0,8.1],[-60.0,8.2],[-59.9,8.2],[-59.8,8.2],[-59.8,8.3],[-59.9,8.4],[-60.0,8.5],[-60.0,8.6],[-60.0,8.5],[-59.9,8.5],[-59.9,8.4],[-59.8,8.4],[-59.8,8.3],[-59.7,8.3],[-59.6,8.3],[-59.6,8.2],[-59.5,8.2],[-59.4,8.1],[-59.5,8.2],[-59.6,8.3],[-59.7,8.3],[-59.8,8.4],[-59.7,8.4],[-59.6,8.4],[-59.6,8.3],[-59.5,8.3],[-59.5,8.2],[-59.3,8.2],[-59.2,8.1],[-59.1,8.0],[-59.0,7.9],[-58.9,7.8],[-58.8,7.7],[-58.8,7.6],[-58.7,7.6],[-58.6,7.6],[-58.6,7.5],[-58.5,7.4],[-58.5,7.3],[-58.5,7.2],[-58.5,7.1],[-58.5,7.0],[-58.6,6.9],[-58.6,6.8],[-58.6,6.7],[-58.6,6.5],[-58.7,6.4],[-58.6,6.4],[-58.6,6.5],[-58.6,6.6],[-58.5,6.8],[-58.4,6.9],[-58.3,6.9],[-58.2,6.8],[-58.1,6.8],[-58.0,6.8],[-57.9,6.7],[-57.8,6.6],[-57.7,6.5],[-57.6,6.5],[-57.6,6.4],[-57.5,6.3],[-57.4,6.3],[-57.3,6.3],[-57.3,6.2],[-57.2,6.2],[-57.2,6.1],[-57.2,6.0],[-57.1,6.0],[-57.2,6.0],[-57.1,6.0],[-57.1,5.9],[-57.2,5.8],[-57.2,5.7],[-57.2,5.6],[-57.2,5.5],[-57.3,5.5],[-57.3,5.4],[-57.3,5.3],[-57.3,5.2],[-57.3,5.3],[-57.2,5.3],[-57.2,5.2],[-57.2,5.1],[-57.2,5.2],[-57.3,5.2],[-57.3,5.1],[-57.3,5.0],[-57.4,5.0],[-57.5,5.0],[-57.6,5.0],[-57.7,5.0],[-57.8,4.9],[-57.9,4.9],[-57.9,4.8],[-57.9,4.7],[-57.8,4.7],[-57.8,4.6],[-57.9,4.6],[-57.9,4.5],[-57.9,4.4],[-58.0,4.4],[-57.9,4.4],[-57.9,4.3],[-58.0,4.3],[-58.1,4.2],[-58.1,4.1],[-58.0,4.0],[-57.9,3.9],[-57.9,3.8],[-57.8,3.7],[-57.8,3.6],[-57.7,3.6],[-57.7,3.5],[-57.6,3.5],[-57.7,3.5],[-57.7,3.4],[-57.6,3.4],[-57.6,3.3],[-57.5,3.3],[-57.5,3.4],[-57.5,3.3],[-57.5,3.4],[-57.4,3.4],[-57.3,3.4],[-57.3,3.3],[-57.3,3.2],[-57.3,3.1],[-57.2,3.1],[-57.2,3.0],[-57.2,2.9],[-57.2,2.8],[-57.1,2.8],[-57.1,2.7],[-57.1,2.6],[-57.0,2.6],[-57.0,2.5],[-56.9,2.4],[-56.9,2.3],[-56.8,2.3],[-56.8,2.2],[-56.7,2.0],[-56.6,2.0],[-56.5,2.0],[-56.5,1.9]]],[[[-58.4,7.0],[-58.3,7.0],[-58.4,6.9],[-58.5,6.9],[-58.4,6.9],[-58.4,7.0]]]]}},{"type":"Feature","properties":{"iso":"BRA","name":"Brazil"},"geometry":{"type":"MultiPolygon","coordinates":[[[[-57.6,-30.19],[-57.61,-30.18],[-57.57,-30.18],[-57.55,-30.17],[-57.51,-30.14],[-57.41,-30.04],[-57.33,-29.98],[-57.32,-29.97],[-57.31,-29.85],[-57.29,-29.82],[-57.26,-29.79],[-57.22,-29.78],[-57.18,-29.77],[-57.13,-29.77],[-57.11,-29.77],[-57.09,-29.75],[-57.02,-29.68],[-57.01,-29.67],[-57.01,-29.66],[-56.98,-29.63],[-56.97,-29.6],[-56.95,-29.59],[-56.91,-29.56],[-56.9,-29.55],[-56.9,-29.54],[-56.82,-29.47],[-56.81,-29.47],[-56.81,-29.46],[-56.81,-29.44],[-56.8,-29.43],[-56.78,-29.43],[-56.78,-29.42],[-56.78,-29.41],[-56.78,-29.4],[-56.78,-29.39],[-56.77,-29.38],[-56.76,-29.37],[-56.75,-29.37],[-56.72,-29.35],[-56.71,-29.34],[-56.69,-29.33],[-56.68,-29.31],[-56.66,-29.27],[-56.65,-29.25],[-56.66,-29.24],[-56.66,-29.22],[-56.65,-29.21],[-56.64,-29.2],[-56.62,-29.16],[-56.58,-29.13],[-56.55,-29.11],[-56.51,-29.09],[-56.44,-29.08],[-56.43,-29.07],[-56.42,-29.05],[-56.41,-29.03],[-56.41,-28.99],[-56.39,-28.95],[-56.32,-28.92],[-56.3,-28.88],[-56.29,-28.8],[-56.29,-28.78],[-56.27,-28.77],[-56.22,-28.76],[-56.18,-28.74],[-56.1,-28.65],[-56.04,-28.61],[-56.02,-28.59],[-56.02,-28.55],[-56.02,-28.53],[-56.02,-28.51],[-56.01,-28.5],[-55.98,-28.49],[-55.95,-28.48],[-55.92,-28.47],[-55.91,-28.47],[-55.9,-28.47],[-55.9,-28.46],[-55.9,-28.45],[-55.9,-28.41],[-55.9,-28.4],[-55.91,-28.38],[-55.89,-28.36],[-55.84,-28.35],[-55.81,-28.35],[-55.77,-28.36],[-55.73,-28.37],[-55.72,-28.38],[-55.71,-28.4],[-55.71,-28.41],[-55.69,-28.4],[-55.68,-28.39],[-55.68,-28.37],[-55.66,-28.33],[-55.68,-28.3],[-55.69,-28.29],[-55.7,-28.28],[-55.71,-28.28],[-55.75,-28.27],[-55.77,-28.26],[-55.77,-28.23],[-55.75,-28.22],[-55.68,-28.2],[-55.64,-28.16],[-55.63,-28.15],[-55.62,-28.15],[-55.62,-28.14],[-55.62,-28.13],[-55.6,-28.12],[-55.58,-28.12],[-55.58,-28.13],[-55.58,-28.14],[-55.56,-28.15],[-55.55,-28.15],[-55.55,-28.14],[-55.55,-28.13],[-55.54,-28.12],[-55.52,-28.11],[-55.51,-28.08],[-55.49,-28.07],[-55.49,-28.08],[-55.48,-28.08],[-55.48,-28.09],[-55.46,-28.09],[-55.44,-28.08],[-55.44,-28.07],[-55.39,-28.02],[-55.38,-28.01],[-55.38,-27.99],[-55.38,-27.98],[-55.38,-27.97],[-55.37,-27.97],[-55.36,-27.97],[-55.34,-27.96],[-55.33,-27.95],[-55.33,-27.93],[-55.31,-27.91],[-55.3,-27.91],[-55.28,-27.92],[-55.27,-27.92],[-55.26,-27.92],[-55.22,-27.89],[-55.21,-27.88],[-55.2,-27.86],[-55.18,-27.85],[-55.16,-27.86],[-55.14,-27.88],[-55.12,-27.88],[-55.11,-27.85],[-55.1,-27.84],[-55.08,-27.84],[-55.07,-27.84],[-55.05,-27.85],[-55.03,-27.85],[-55.03,-27.84],[-55.04,-27.82],[-55.07,-27.79],[-55.08,-27.78],[-55.06,-27.77],[-55.04,-27.78],[-55.03,-27.78],[-55.01,-27.79],[-54.99,-27.79],[-54.93,-27.74],[-54.91,-27.74],[-54.91,-27.73],[-54.9,-27.7],[-54.9,-27.66],[-54.9,-27.62],[-54.89,-27.62],[-54.87,-27.62],[-54.85,-27.61],[-54.84,-27.59],[-54.83,-27.57],[-54.83,-27.55],[-54.82,-27.54],[-54.81,-27.53],[-54.79,-27.52],[-54.79,-27.53],[-54.79,-27.54],[-54.79,-27.55],[-54.78,-27.56],[-54.77,-27.56],[-54.73,-27.55],[-54.72,-27.55],[-54.7,-27.55],[-54.69,-27.55],[-54.68,-27.55],[-54.68,-27.54],[-54.68,-27.53],[-54.68,-27.52],[-54.67,-27.51],[-54.67,-27.5],[-54.66,-27.5],[-54.66,-27.51],[-54.65,-27.53],[-54.64,-27.53],[-54.63,-27.52],[-54.62,-27.5],[-54.61,-27.48],[-54.61,-27.47],[-54.6,-27.46],[-54.59,-27.45],[-54.58,-27.45],[-54.57,-27.46],[-54.56,-27.48],[-54.55,-27.48],[-54.54,-27.49],[-54.53,-27.49],[-54.47,-27.47],[-54.45,-27.46],[-54.45,-27.45],[-54.46,-27.42],[-54.46,-27.41],[-54.44,-27.41],[-54.4,-27.41],[-54.39,-27.41],[-54.38,-27.42],[-54.37,-27.45],[-54.36,-27.45],[-54.35,-27.45],[-54.35,-27.44],[-54.35,-27.43],[-54.35,-27.39],[-54.33,-27.41],[-54.32,-27.42],[-54.31,-27.43],[-54.29,-27.43],[-54.28,-27.42],[-54.27,-27.42],[-54.27,-27.41],[-54.27,-27.4],[-54.26,-27.39],[-54.25,-27.39],[-54.24,-27.38],[-54.23,-27.38],[-54.23,-27.37],[-54.23,-27.35],[-54.23,-27.34],[-54.22,-27.34],[-54.22,-27.33],[-54.19,-27.26],[-54.18,-27.24],[-54.16,-27.25],[-54.16,-27.26],[-54.16,-27.28],[-54.13,-27.29],[-54.09,-27.29],[-54.02,-27.21],[-54.01,-27.19],[-54.0,-27.19],[-53.99,-27.19],[-53.98,-27.2],[-53.96,-27.19],[-53.96,-27.18],[-53.97,-27.17],[-53.96,-27.15],[-53.95,-27.15],[-53.94,-27.16],[-53.93,-27.17],[-53.91,-27.17],[-53.9,-27.16],[-53.89,-27.13],[-53.88,-27.12],[-53.87,-27.13],[-53.86,-27.14],[-53.85,-27.16],[-53.84,-27.16],[-53.83,-27.16],[-53.82,-27.14],[-53.82,-27.13],[-53.83,-27.12],[-53.83,-27.11],[-53.82,-27.11],[-53.81,-27.1],[-53.8,-27.09],[-53.8,-27.08],[-53.81,-27.05],[-53.8,-27.04],[-53.78,-27.03],[-53.77,-27.03],[-53.77,-27.02],[-53.72,-26.94],[-53.71,-26.9],[-53.71,-26.87],[-53.72,-26.81],[-53.73,-26.78],[-53.74,-26.78],[-53.75,-26.77],[-53.75,-26.76],[-53.75,-26.75],[-53.75,-26.74],[-53.76,-26.73],[-53.77,-26.73],[-53.77,-26.71],[-53.77,-26.7],[-53.76,-26.7],[-53.75,-26.7],[-53.75,-26.69],[-53.74,-26.68],[-53.74,-26.66],[-53.74,-26.62],[-53.74,-26.6],[-53.73,-26.57],[-53.73,-26.55],[-53.74,-26.54],[-53.74,-26.53],[-53.73,-26.52],[-53.73,-26.51],[-53.71,-26.5],[-53.71,-26.47],[-53.72,-26.38],[-53.72,-26.35],[-53.67,-26.29],[-53.66,-26.26],[-53.67,-26.22],[-53.69,-26.19],[-53.73,-26.13],[-53.75,-26.09],[-53.75,-26.06],[-53.77,-26.03],[-53.79,-26.0],[-53.83,-25.97],[-53.83,-25.96],[-53.84,-25.95],[-53.83,-25.94],[-53.83,-25.93],[-53.83,-25.92],[-53.84,-25.87],[-53.84,-25.81],[-53.84,-25.79],[-53.85,-25.77],[-53.86,-25.76],[-53.88,-25.75],[-53.88,-25.74],[-53.89,-25.72],[-53.88,-25.71],[-53.88,-25.7],[-53.89,-25.66],[-53.9,-25.64],[-53.91,-25.63],[-53.95,-25.65],[-53.97,-25.65],[-53.98,-25.63],[-53.98,-25.61],[-53.98,-25.59],[-54.0,-25.57],[-54.02,-25.57],[-54.03,-25.56],[-54.04,-25.56],[-54.04,-25.57],[-54.06,-25.57],[-54.07,-25.56],[-54.08,-25.55],[-54.09,-25.56],[-54.09,-25.57],[-54.09,-25.58],[-54.09,-25.59],[-54.09,-25.6],[-54.1,-25.6],[-54.11,-25.59],[-54.12,-25.58],[-54.12,-25.57],[-54.13,-25.55],[-54.12,-25.54],[-54.11,-25.52],[-54.11,-25.5],[-54.12,-25.49],[-54.12,-25.5],[-54.13,-25.5],[-54.15,-25.53],[-54.17,-25.53],[-54.18,-25.54],[-54.2,-25.53],[-54.21,-25.53],[-54.19,-25.56],[-54.19,-25.58],[-54.21,-25.58],[-54.23,-25.58],[-54.24,-25.58],[-54.25,-25.59],[-54.26,-25.6],[-54.26,-25.59],[-54.27,-25.57],[-54.28,-25.56],[-54.3,-25.55],[-54.32,-25.56],[-54.33,-25.56],[-54.35,-25.58],[-54.36,-25.58],[-54.38,-25.58],[-54.39,-25.58],[-54.4,-25.58],[-54.4,-25.59],[-54.4,-25.6],[-54.4,-25.61],[-54.41,-25.62],[-54.41,-25.63],[-54.43,-25.64],[-54.44,-25.65],[-54.44,-25.66],[-54.43,-25.68],[-54.44,-25.69],[-54.45,-25.69],[-54.45,-25.68],[-54.46,-25.67],[-54.46,-25.66],[-54.46,-25.64],[-54.47,-25.63],[-54.49,-25.61],[-54.51,-25.61],[-54.53,-25.61],[-54.54,-25.6],[-54.54,-25.59],[-54.55,-25.57],[-54.56,-25.57],[-54.6,-25.57],[-54.59,-25.55],[-54.59,-25.52],[-54.6,-25.51],[-54.61,-25.49],[-54.61,-25.47],[-54.61,-25.44],[-54.61,-25.43],[-54.6,-25.4],[-54.58,-25.36],[-54.55,-25.34],[-54.53,-25.31],[-54.5,-25.28],[-54.48,-25.21],[-54.47,-25.2],[-54.44,-25.17],[-54.43,-25.15],[-54.43,-25.13],[-54.46,-25.09],[-54.46,-25.07],[-54.46,-25.06],[-54.46,-25.04],[-54.45,-25.0],[-54.41,-24.82],[-54.4,-24.8],[-54.37,-24.77],[-54.36,-24.73],[-54.32,-24.63],[-54.32,-24.6],[-54.33,-24.53],[-54.33,-24.5],[-54.32,-24.46],[-54.28,-24.41],[-54.27,-24.39],[-54.26,-24.36],[-54.26,-24.33],[-54.27,-24.3],[-54.28,-24.28],[-54.31,-24.25],[-54.31,-24.23],[-54.32,-24.2],[-54.33,-24.17],[-54.33,-24.15],[-54.32,-24.12],[-54.3,-24.09],[-54.27,-24.07],[-54.25,-24.05],[-54.27,-24.04],[-54.37,-23.98],[-54.42,-23.91],[-54.44,-23.9],[-54.61,-23.81],[-54.64,-23.8],[-54.65,-23.81],[-54.68,-23.84],[-54.7,-23.85],[-54.83,-23.89],[-54.89,-23.92],[-54.9,-23.93],[-54.93,-23.96],[-54.94,-23.97],[-54.96,-23.97],[-54.99,-23.97],[-55.01,-23.98],[-55.04,-23.99],[-55.11,-23.99],[-55.13,-24.0],[-55.17,-24.02],[-55.2,-24.02],[-55.24,-24.01],[-55.27,-24.0],[-55.3,-23.99],[-55.37,-23.99],[-55.4,-23.98],[-55.42,-23.95],[-55.43,-23.93],[-55.45,-23.74],[-55.47,-23.67],[-55.51,-23.63],[-55.53,-23.6],[-55.53,-23.57],[-55.53,-23.53],[-55.54,-23.5],[-55.54,-23.47],[-55.52,-23.41],[-55.51,-23.38],[-55.52,-23.36],[-55.56,-23.33],[-55.56,-23.31],[-55.56,-23.29],[-55.54,-23.25],[-55.54,-23.23],[-55.56,-23.15],[-55.59,-23.13],[-55.6,-23.12],[-55.6,-23.1],[-55.6,-23.06],[-55.6,-23.04],[-55.61,-23.03],[-55.64,-23.0],[-55.64,-22.98],[-55.63,-22.95],[-55.63,-22.93],[-55.66,-22.86],[-55.66,-22.82],[-55.65,-22.79],[-55.63,-22.76],[-55.62,-22.73],[-55.62,-22.72],[-55.63,-22.7],[-55.63,-22.69],[-55.63,-22.68],[-55.62,-22.67],[-55.62,-22.66],[-55.62,-22.64],[-55.63,-22.63],[-55.64,-22.62],[-55.66,-22.61],[-55.7,-22.6],[-55.72,-22.57],[-55.74,-22.54],[-55.75,-22.5],[-55.75,-22.42],[-55.76,-22.39],[-55.77,-22.38],[-55.81,-22.35],[-55.86,-22.29],[-55.87,-22.31],[-55.87,-22.32],[-55.89,-22.31],[-55.96,-22.3],[-55.97,-22.29],[-55.99,-22.28],[-56.0,-22.28],[-56.01,-22.28],[-56.02,-22.29],[-56.2,-22.28],[-56.21,-22.28],[-56.23,-22.27],[-56.26,-22.24],[-56.32,-22.21],[-56.35,-22.18],[-56.37,-22.15],[-56.4,-22.09],[-56.41,-22.08],[-56.42,-22.07],[-56.49,-22.09],[-56.51,-22.09],[-56.52,-22.1],[-56.53,-22.11],[-56.55,-22.13],[-56.55,-22.14],[-56.55,-22.15],[-56.56,-22.16],[-56.57,-22.16],[-56.58,-22.19],[-56.6,-22.2],[-56.63,-22.22],[-56.64,-22.23],[-56.65,-22.23],[-56.65,-22.24],[-56.64,-22.26],[-56.65,-22.26],[-56.66,-22.26],[-56.7,-22.22],[-56.72,-22.22],[-56.73,-22.24],[-56.74,-22.25],[-56.75,-22.25],[-56.75,-22.24],[-56.79,-22.25],[-56.81,-22.25],[-56.81,-22.26],[-56.82,-22.27],[-56.84,-22.29],[-56.86,-22.29],[-56.88,-22.29],[-56.88,-22.28],[-56.89,-22.25],[-56.9,-22.24],[-56.91,-22.26],[-56.92,-22.26],[-56.94,-22.25],[-56.95,-22.25],[-56.96,-22.25],[-56.97,-22.25],[-56.96,-22.23],[-56.98,-22.24],[-56.99,-22.24],[-57.01,-22.23],[-57.03,-22.24],[-57.06,-22.23],[-57.07,-22.24],[-57.08,-22.24],[-57.09,-22.24],[-57.11,-22.23],[-57.12,-22.22],[-57.15,-22.21],[-57.17,-22.21],[-57.18,-22.21],[-57.19,-22.21],[-57.2,-22.21],[-57.21,-22.21],[-57.21,-22.19],[-57.23,-22.19],[-57.25,-22.21],[-57.27,-22.21],[-57.32,-22.2],[-57.33,-22.2],[-57.33,-22.21],[-57.34,-22.22],[-57.35,-22.22],[-57.37,-22.21],[-57.38,-22.21],[-57.42,-22.19],[-57.43,-22.19],[-57.44,-22.19],[-57.46,-22.18],[-57.47,-22.18],[-57.51,-22.19],[-57.53,-22.17],[-57.54,-22.17],[-57.55,-22.17],[-57.56,-22.17],[-57.57,-22.18],[-57.6,-22.18],[-57.61,-22.18],[-57.63,-22.17],[-57.64,-22.14],[-57.65,-22.1],[-57.66,-22.1],[-57.67,-22.1],[-57.68,-22.11],[-57.69,-22.11],[-57.71,-22.11],[-57.72,-22.1],[-57.74,-22.1],[-57.76,-22.11],[-57.77,-22.11],[-57.78,-22.11],[-57.78,-22.12],[-57.79,-22.13],[-57.8,-22.13],[-57.81,-22.13],[-57.82,-22.13],[-57.83,-22.14],[-57.84,-22.14],[-57.85,-22.14],[-57.86,-22.13],[-57.87,-22.12],[-57.88,-22.12],[-57.9,-22.13],[-57.91,-22.13],[-57.94,-22.12],[-57.95,-22.11],[-57.96,-22.09],[-57.97,-22.08],[-57.99,-22.07],[-57.99,-22.06],[-57.99,-22.05],[-57.99,-22.04],[-57.96,-21.98],[-57.96,-21.97],[-57.95,-21.96],[-57.93,-21.92],[-57.93,-21.9],[-57.93,-21.88],[-57.95,-21.87],[-57.96,-21.85],[-57.95,-21.83],[-57.94,-21.81],[-57.93,-21.79],[-57.94,-21.77],[-57.94,-21.76],[-57.9,-21.69],[-57.9,-21.68],[-57.91,-21.67],[-57.92,-21.66],[-57.93,-21.64],[-57.94,-21.62],[-57.93,-21.61],[-57.92,-21.58],[-57.91,-21.56],[-57.92,-21.56],[-57.94,-21.55],[-57.95,-21.53],[-57.95,-21.51],[-57.95,-21.49],[-57.93,-21.45],[-57.86,-21.36],[-57.86,-21.33],[-57.87,-21.32],[-57.88,-21.32],[-57.89,-21.31],[-57.89,-21.3],[-57.9,-21.3],[-57.9,-21.29],[-57.9,-21.27],[-57.87,-21.25],[-57.85,-21.22],[-57.83,-21.17],[-57.83,-21.13],[-57.84,-21.08],[-57.85,-21.05],[-57.85,-21.04],[-57.83,-21.0],[-57.82,-20.98],[-57.82,-20.95],[-57.84,-20.94],[-57.84,-20.96],[-57.85,-20.96],[-57.87,-20.93],[-57.89,-20.91],[-57.9,-20.91],[-57.91,-20.91],[-57.92,-20.89],[-57.91,-20.88],[-57.87,-20.86],[-57.86,-20.85],[-57.86,-20.83],[-57.87,-20.82],[-57.89,-20.81],[-57.91,-20.8],[-57.93,-20.8],[-57.94,-20.79],[-57.93,-20.78],[-57.92,-20.77],[-57.91,-20.76],[-57.9,-20.76],[-57.88,-20.75],[-57.87,-20.75],[-57.86,-20.74],[-57.86,-20.73],[-57.87,-20.72],[-57.88,-20.71],[-57.89,-20.71],[-57.89,-20.7],[-57.9,-20.69],[-57.9,-20.68],[-57.92,-20.67],[-57.93,-20.67],[-57.95,-20.68],[-57.96,-20.71],[-57.97,-20.71],[-57.97,-20.7],[-57.98,-20.69],[-57.98,-20.68],[-57.97,-20.66],[-57.97,-20.65],[-57.98,-20.64],[-57.99,-20.62],[-57.99,-20.61],[-57.99,-20.59],[-57.99,-20.57],[-58.0,-20.55],[-58.01,-20.53],[-58.01,-20.5],[-58.01,-20.48],[-57.99,-20.45],[-57.99,-20.43],[-58.0,-20.43],[-58.02,-20.42],[-58.05,-20.41],[-58.07,-20.39],[-58.08,-20.38],[-58.09,-20.36],[-58.1,-20.33],[-58.1,-20.31],[-58.09,-20.28],[-58.1,-20.27],[-58.1,-20.26],[-58.11,-20.26],[-58.12,-20.26],[-58.13,-20.27],[-58.14,-20.27],[-58.16,-20.26],[-58.16,-20.24],[-58.16,-20.23],[-58.12,-20.21],[-58.12,-20.2],[-58.13,-20.19],[-58.14,-20.19],[-58.14,-20.18],[-58.15,-20.18],[-58.16,-20.18],[-58.16,-20.17],[-58.12,-20.15],[-58.1,-20.14],[-58.09,-20.12],[-58.08,-20.12],[-58.05,-20.11],[-58.02,-20.06],[-58.0,-20.06],[-57.99,-20.05],[-57.98,-20.05],[-57.97,-20.04],[-57.97,-20.03],[-57.96,-20.03],[-57.94,-20.03],[-57.92,-20.03],[-57.9,-20.02],[-57.88,-20.01],[-57.87,-19.99],[-57.86,-19.98],[-57.96,-19.89],[-58.04,-19.82],[-58.12,-19.76],[-58.12,-19.73],[-58.09,-19.66],[-58.08,-19.63],[-58.05,-19.58],[-58.02,-19.53],[-58.01,-19.5],[-57.98,-19.44],[-57.91,-19.3],[-57.84,-19.17],[-57.81,-19.11],[-57.79,-19.06],[-57.77,-19.05],[-57.72,-19.04],[-57.72,-19.0],[-57.73,-18.94],[-57.73,-18.92],[-57.74,-18.91],[-57.78,-18.91],[-57.77,-18.88],[-57.72,-18.73],[-57.68,-18.59],[-57.63,-18.45],[-57.58,-18.31],[-57.57,-18.26],[-57.55,-18.24],[-57.54,-18.24],[-57.47,-18.24],[-57.47,-18.22],[-57.47,-18.21],[-57.49,-18.21],[-57.51,-18.21],[-57.55,-18.18],[-57.59,-18.12],[-57.64,-18.0],[-57.73,-17.85],[-57.7,-17.84],[-57.7,-17.83],[-57.71,-17.8],[-57.73,-17.78],[-57.73,-17.77],[-57.72,-17.74],[-57.74,-17.73],[-57.75,-17.72],[-57.77,-17.71],[-57.78,-17.7],[-57.79,-17.68],[-57.79,-17.66],[-57.79,-17.62],[-57.79,-17.6],[-57.79,-17.58],[-57.79,-17.56],[-57.8,-17.53],[-57.81,-17.52],[-57.84,-17.51],[-57.85,-17.51],[-57.88,-17.51],[-57.91,-17.52],[-57.94,-17.52],[-57.98,-17.51],[-58.01,-17.5],[-58.05,-17.46],[-58.07,-17.46],[-58.1,-17.44],[-58.11,-17.43],[-58.14,-17.4],[-58.15,-17.4],[-58.16,-17.39],[-58.17,-17.39],[-58.19,-17.39],[-58.2,-17.38],[-58.22,-17.34],[-58.23,-17.33],[-58.24,-17.33],[-58.26,-17.32],[-58.27,-17.31],[-58.29,-17.3],[-58.3,-17.29],[-58.31,-17.29],[-58.34,-17.29],[-58.38,-17.27],[-58.4,-17.24],[-58.4,-17.2],[-58.41,-17.11],[-58.41,-17.09],[-58.42,-17.07],[-58.43,-17.06],[-58.43,-16.99],[-58.44,-16.97],[-58.46,-16.94],[-58.47,-16.89],[-58.47,-16.88],[-58.46,-16.87],[-58.46,-16.85],[-58.45,-16.84],[-58.46,-16.8],[-58.48,-16.73],[-58.48,-16.68],[-58.47,-16.65],[-58.46,-16.62],[-58.36,-16.51],[-58.34,-16.47],[-58.36,-16.44],[-58.36,-16.42],[-58.34,-16.4],[-58.33,-16.39],[-58.34,-16.29],[-58.35,-16.28],[-58.39,-16.28],[-58.4,-16.28],[-58.41,-16.31],[-58.42,-16.32],[-58.44,-16.33],[-58.46,-16.33],[-58.54,-16.33],[-58.73,-16.32],[-58.92,-16.32],[-59.11,-16.31],[-59.3,-16.3],[-59.49,-16.3],[-59.68,-16.29],[-59.87,-16.28],[-60.06,-16.28],[-60.13,-16.27],[-60.16,-16.26],[-60.18,-16.22],[-60.19,-16.11],[-60.19,-16.0],[-60.21,-15.85],[-60.22,-15.65],[-60.24,-15.5],[-60.25,-15.48],[-60.26,-15.46],[-60.35,-15.35],[-60.46,-15.22],[-60.53,-15.14],[-60.58,-15.1],[-60.39,-15.1],[-60.27,-15.1],[-60.27,-15.08],[-60.27,-15.02],[-60.28,-14.94],[-60.28,-14.85],[-60.28,-14.77],[-60.29,-14.69],[-60.29,-14.63],[-60.3,-14.61],[-60.35,-14.58],[-60.37,-14.54],[-60.34,-14.53],[-60.34,-14.49],[-60.38,-14.42],[-60.39,-14.36],[-60.4,-14.34],[-60.45,-14.3],[-60.46,-14.28],[-60.47,-14.25],[-60.46,-14.22],[-60.46,-14.2],[-60.48,-14.18],[-60.48,-14.16],[-60.48,-14.14],[-60.47,-14.12],[-60.47,-14.1],[-60.46,-14.1],[-60.44,-14.09],[-60.42,-14.08],[-60.41,-14.06],[-60.4,-14.01],[-60.39,-13.99],[-60.39,-13.98],[-60.39,-13.97],[-60.4,-13.97],[-60.41,-13.97],[-60.41,-13.96],[-60.41,-13.95],[-60.41,-13.94],[-60.43,-13.93],[-60.44,-13.92],[-60.45,-13.9],[-60.46,-13.87],[-60.46,-13.84],[-60.47,-13.82],[-60.47,-13.8],[-60.49,-13.79],[-60.57,-13.77],[-60.58,-13.77],[-60.58,-13.76],[-60.58,-13.75],[-60.59,-13.74],[-60.6,-13.74],[-60.62,-13.74],[-60.65,-13.72],[-60.73,-13.66],[-60.8,-13.6],[-60.87,-13.58],[-60.88,-13.57],[-60.9,-13.55],[-60.93,-13.55],[-60.98,-13.54],[-61.02,-13.54],[-61.04,-13.52],[-61.04,-13.47],[-61.05,-13.46],[-61.06,-13.47],[-61.07,-13.47],[-61.08,-13.48],[-61.12,-13.48],[-61.13,-13.49],[-61.14,-13.51],[-61.15,-13.52],[-61.22,-13.52],[-61.24,-13.52],[-61.25,-13.52],[-61.26,-13.52],[-61.28,-13.51],[-61.32,-13.5],[-61.33,-13.49],[-61.35,-13.49],[-61.42,-13.53],[-61.46,-13.54],[-61.5,-13.55],[-61.55,-13.54],[-61.56,-13.53],[-61.59,-13.51],[-61.6,-13.51],[-61.67,-13.51],[-61.69,-13.52],[-61.72,-13.53],[-61.74,-13.54],[-61.75,-13.53],[-61.77,-13.53],[-61.79,-13.54],[-61.81,-13.54],[-61.84,-13.54],[-61.85,-13.53],[-61.87,-13.46],[-61.88,-13.45],[-61.9,-13.44],[-61.91,-13.43],[-61.96,-13.39],[-61.98,-13.37],[-62.0,-13.36],[-62.02,-13.34],[-62.02,-13.33],[-62.03,-13.33],[-62.08,-13.28],[-62.1,-13.26],[-62.11,-13.25],[-62.11,-13.23],[-62.11,-13.16],[-62.11,-13.15],[-62.12,-13.15],[-62.13,-13.15],[-62.14,-13.15],[-62.16,-13.12],[-62.17,-13.12],[-62.17,-13.14],[-62.2,-13.12],[-62.21,-13.12],[-62.22,-13.12],[-62.26,-13.13],[-62.27,-13.14],[-62.29,-13.14],[-62.31,-13.13],[-62.32,-13.14],[-62.34,-13.15],[-62.38,-13.14],[-62.39,-13.14],[-62.41,-13.13],[-62.42,-13.13],[-62.43,-13.12],[-62.43,-13.11],[-62.46,-13.08],[-62.47,-13.07],[-62.49,-13.07],[-62.55,-13.07],[-62.64,-13.03],[-62.65,-13.03],[-62.65,-13.0],[-62.65,-12.99],[-62.66,-12.98],[-62.67,-12.98],[-62.69,-12.96],[-62.7,-12.97],[-62.71,-12.97],[-62.72,-12.98],[-62.74,-12.99],[-62.76,-12.99],[-62.77,-12.99],[-62.77,-13.01],[-62.79,-13.0],[-62.81,-12.99],[-62.82,-12.97],[-62.83,-12.96],[-62.83,-12.95],[-62.83,-12.94],[-62.84,-12.94],[-62.85,-12.94],[-62.86,-12.94],[-62.87,-12.94],[-62.87,-12.93],[-62.92,-12.86],[-62.92,-12.85],[-62.93,-12.85],[-62.94,-12.85],[-62.95,-12.86],[-62.96,-12.86],[-62.98,-12.85],[-62.99,-12.84],[-63.0,-12.83],[-63.01,-12.81],[-63.01,-12.79],[-63.01,-12.78],[-63.03,-12.77],[-63.05,-12.75],[-63.05,-12.74],[-63.05,-12.73],[-63.04,-12.72],[-63.05,-12.71],[-63.06,-12.7],[-63.06,-12.67],[-63.08,-12.65],[-63.11,-12.65],[-63.13,-12.64],[-63.14,-12.63],[-63.14,-12.64],[-63.17,-12.65],[-63.18,-12.66],[-63.18,-12.67],[-63.19,-12.67],[-63.2,-12.67],[-63.22,-12.68],[-63.23,-12.69],[-63.24,-12.7],[-63.25,-12.7],[-63.32,-12.7],[-63.33,-12.7],[-63.36,-12.67],[-63.37,-12.67],[-63.39,-12.66],[-63.43,-12.64],[-63.44,-12.63],[-63.44,-12.62],[-63.45,-12.61],[-63.46,-12.61],[-63.47,-12.6],[-63.47,-12.59],[-63.47,-12.58],[-63.48,-12.56],[-63.49,-12.56],[-63.5,-12.55],[-63.51,-12.55],[-63.52,-12.55],[-63.54,-12.55],[-63.56,-12.54],[-63.6,-12.51],[-63.65,-12.48],[-63.66,-12.48],[-63.8,-12.45],[-63.81,-12.46],[-63.85,-12.47],[-63.86,-12.47],[-63.9,-12.52],[-63.9,-12.53],[-63.91,-12.53],[-63.92,-12.54],[-63.94,-12.54],[-63.95,-12.54],[-63.96,-12.53],[-63.97,-12.52],[-64.0,-12.54],[-64.02,-12.54],[-64.04,-12.51],[-64.1,-12.51],[-64.12,-12.49],[-64.13,-12.51],[-64.14,-12.52],[-64.16,-12.52],[-64.18,-12.49],[-64.2,-12.48],[-64.22,-12.47],[-64.24,-12.48],[-64.25,-12.48],[-64.26,-12.49],[-64.26,-12.5],[-64.27,-12.5],[-64.28,-12.5],[-64.29,-12.5],[-64.3,-12.47],[-64.31,-12.46],[-64.35,-12.47],[-64.38,-12.47],[-64.4,-12.46],[-64.41,-12.45],[-64.42,-12.43],[-64.43,-12.42],[-64.44,-12.4],[-64.45,-12.39],[-64.46,-12.39],[-64.48,-12.38],[-64.49,-12.37],[-64.49,-12.36],[-64.47,-12.32],[-64.47,-12.29],[-64.47,-12.27],[-64.47,-12.26],[-64.47,-12.25],[-64.49,-12.24],[-64.51,-12.24],[-64.53,-12.23],[-64.55,-12.22],[-64.58,-12.22],[-64.59,-12.22],[-64.64,-12.2],[-64.66,-12.18],[-64.68,-12.17],[-64.69,-12.16],[-64.69,-12.15],[-64.68,-12.13],[-64.69,-12.11],[-64.69,-12.1],[-64.71,-12.11],[-64.71,-12.14],[-64.72,-12.15],[-64.73,-12.15],[-64.74,-12.14],[-64.74,-12.13],[-64.74,-12.12],[-64.77,-12.09],[-64.78,-12.07],[-64.79,-12.05],[-64.79,-12.03],[-64.81,-12.03],[-64.83,-12.02],[-64.84,-12.02],[-64.86,-12.02],[-64.88,-12.02],[-64.9,-12.01],[-64.93,-12.01],[-64.97,-12.01],[-64.98,-12.0],[-65.0,-12.0],[-65.01,-11.98],[-65.02,-11.97],[-65.01,-11.95],[-65.0,-11.93],[-65.0,-11.92],[-65.0,-11.91],[-65.0,-11.9],[-65.01,-11.89],[-65.02,-11.89],[-65.03,-11.89],[-65.03,-11.88],[-65.04,-11.86],[-65.04,-11.85],[-65.04,-11.83],[-65.04,-11.82],[-65.04,-11.81],[-65.06,-11.79],[-65.07,-11.75],[-65.08,-11.74],[-65.1,-11.74],[-65.11,-11.72],[-65.11,-11.7],[-65.11,-11.69],[-65.13,-11.69],[-65.13,-11.7],[-65.14,-11.72],[-65.14,-11.76],[-65.15,-11.77],[-65.16,-11.77],[-65.18,-11.76],[-65.2,-11.74],[-65.2,-11.73],[-65.2,-11.69],[-65.2,-11.68],[-65.19,-11.67],[-65.19,-11.66],[-65.19,-11.63],[-65.19,-11.62],[-65.17,-11.62],[-65.17,-11.61],[-65.2,-11.59],[-65.21,-11.59],[-65.22,-11.58],[-65.22,-11.57],[-65.22,-11.56],[-65.22,-11.54],[-65.22,-11.53],[-65.22,-11.52],[-65.23,-11.51],[-65.26,-11.5],[-65.29,-11.5],[-65.32,-11.48],[-65.35,-11.39],[-65.35,-11.38],[-65.35,-11.37],[-65.35,-11.36],[-65.33,-11.34],[-65.33,-11.33],[-65.33,-11.32],[-65.35,-11.31],[-65.37,-11.3],[-65.39,-11.28],[-65.39,-11.25],[-65.38,-11.24],[-65.37,-11.23],[-65.36,-11.22],[-65.37,-11.21],[-65.39,-11.19],[-65.4,-11.18],[-65.39,-11.15],[-65.38,-11.14],[-65.34,-11.11],[-65.33,-11.09],[-65.34,-11.07],[-65.34,-11.05],[-65.34,-11.03],[-65.33,-11.01],[-65.32,-11.0],[-65.31,-11.0],[-65.3,-10.99],[-65.3,-10.98],[-65.3,-10.97],[-65.3,-10.96],[-65.31,-10.96],[-65.31,-10.95],[-65.32,-10.87],[-65.33,-10.85],[-65.34,-10.83],[-65.36,-10.82],[-65.4,-10.81],[-65.4,-10.8],[-65.39,-10.75],[-65.38,-10.72],[-65.38,-10.7],[-65.39,-10.67],[-65.4,-10.66],[-65.42,-10.64],[-65.44,-10.63],[-65.44,-10.61],[-65.43,-10.56],[-65.43,-10.55],[-65.44,-10.55],[-65.44,-10.54],[-65.44,-10.53],[-65.44,-10.52],[-65.44,-10.51],[-65.44,-10.5],[-65.44,-10.49],[-65.45,-10.47],[-65.43,-10.46],[-65.41,-10.45],[-65.39,-10.41],[-65.39,-10.4],[-65.39,-10.39],[-65.39,-10.37],[-65.38,-10.35],[-65.37,-10.33],[-65.33,-10.31],[-65.32,-10.29],[-65.31,-10.24],[-65.29,-10.22],[-65.28,-10.21],[-65.29,-10.2],[-65.3,-10.17],[-65.3,-10.16],[-65.3,-10.12],[-65.31,-10.1],[-65.32,-10.05],[-65.33,-10.01],[-65.34,-9.97],[-65.33,-9.93],[-65.33,-9.91],[-65.3,-9.86],[-65.3,-9.84],[-65.3,-9.83],[-65.32,-9.81],[-65.33,-9.8],[-65.34,-9.79],[-65.35,-9.75],[-65.36,-9.74],[-65.37,-9.71],[-65.4,-9.69],[-65.42,-9.68],[-65.44,-9.68],[-65.45,-9.68],[-65.47,-9.7],[-65.51,-9.73],[-65.52,-9.74],[-65.52,-9.76],[-65.53,-9.77],[-65.54,-9.78],[-65.55,-9.8],[-65.56,-9.8],[-65.57,-9.8],[-65.57,-9.81],[-65.57,-9.82],[-65.58,-9.83],[-65.58,-9.84],[-65.6,-9.84],[-65.61,-9.83],[-65.63,-9.83],[-65.66,-9.81],[-65.66,-9.8],[-65.67,-9.79],[-65.68,-9.79],[-65.69,-9.79],[-65.7,-9.79],[-65.71,-9.79],[-65.72,-9.79],[-65.71,-9.78],[-65.71,-9.76],[-65.73,-9.76],[-65.76,-9.77],[-65.77,-9.77],[-65.78,-9.76],[-65.78,-9.75],[-65.79,-9.73],[-65.79,-9.74],[-65.8,-9.76],[-65.8,-9.78],[-65.81,-9.78],[-65.82,-9.79],[-65.82,-9.78],[-65.83,-9.77],[-65.83,-9.76],[-65.85,-9.78],[-65.86,-9.78],[-65.87,-9.78],[-65.92,-9.77],[-65.93,-9.77],[-65.95,-9.77],[-65.97,-9.78],[-66.01,-9.8],[-66.03,-9.81],[-66.04,-9.8],[-66.07,-9.79],[-66.08,-9.79],[-66.09,-9.78],[-66.1,-9.79],[-66.11,-9.79],[-66.11,-9.8],[-66.12,-9.81],[-66.13,-9.8],[-66.14,-9.8],[-66.19,-9.8],[-66.21,-9.81],[-66.24,-9.83],[-66.26,-9.83],[-66.36,-9.85],[-66.37,-9.86],[-66.41,-9.88],[-66.43,-9.89],[-66.45,-9.89],[-66.51,-9.88],[-66.63,-9.9],[-66.64,-9.91],[-66.65,-9.92],[-66.65,-9.93],[-66.65,-9.94],[-66.66,-9.95],[-66.67,-9.95],[-66.75,-9.98],[-66.77,-9.99],[-66.9,-10.09],[-67.06,-10.26],[-67.11,-10.28],[-67.12,-10.28],[-67.14,-10.29],[-67.15,-10.29],[-67.16,-10.3],[-67.16,-10.31],[-67.17,-10.32],[-67.18,-10.33],[-67.2,-10.33],[-67.24,-10.32],[-67.26,-10.31],[-67.3,-10.32],[-67.32,-10.32],[-67.34,-10.33],[-67.33,-10.36],[-67.34,-10.37],[-67.35,-10.38],[-67.37,-10.38],[-67.41,-10.38],[-67.42,-10.38],[-67.43,-10.39],[-67.43,-10.4],[-67.43,-10.41],[-67.44,-10.42],[-67.45,-10.44],[-67.47,-10.45],[-67.49,-10.46],[-67.53,-10.48],[-67.57,-10.5],[-67.58,-10.5],[-67.6,-10.52],[-67.61,-10.53],[-67.63,-10.56],[-67.64,-10.57],[-67.67,-10.6],[-67.68,-10.61],[-67.7,-10.64],[-67.71,-10.68],[-67.72,-10.71],[-67.76,-10.71],[-67.77,-10.71],[-67.81,-10.68],[-67.83,-10.66],[-67.85,-10.66],[-67.86,-10.66],[-67.98,-10.66],[-68.01,-10.66],[-68.03,-10.66],[-68.04,-10.67],[-68.07,-10.68],[-68.1,-10.7],[-68.11,-10.71],[-68.15,-10.78],[-68.2,-10.84],[-68.22,-10.86],[-68.24,-10.92],[-68.26,-10.94],[-68.27,-10.96],[-68.29,-10.98],[-68.31,-10.99],[-68.33,-11.0],[-68.38,-11.01],[-68.4,-11.01],[-68.43,-11.04],[-68.44,-11.05],[-68.46,-11.04],[-68.48,-11.04],[-68.49,-11.05],[-68.54,-11.06],[-68.59,-11.1],[-68.62,-11.11],[-68.76,-11.14],[-68.78,-11.14],[-68.79,-11.13],[-68.79,-11.09],[-68.79,-11.06],[-68.77,-11.04],[-68.76,-11.01],[-68.77,-11.0],[-68.8,-10.99],[-68.83,-11.0],[-68.86,-11.01],[-68.88,-11.02],[-68.91,-11.01],[-68.96,-11.0],[-68.98,-11.0],[-68.99,-11.0],[-69.0,-11.0],[-69.07,-10.97],[-69.09,-10.97],[-69.12,-10.97],[-69.16,-10.96],[-69.24,-10.95],[-69.29,-10.95],[-69.33,-10.95],[-69.36,-10.94],[-69.4,-10.94],[-69.46,-10.95],[-69.5,-10.96],[-69.58,-10.95],[-69.6,-10.95],[-69.72,-10.96],[-69.75,-10.96],[-69.79,-10.93],[-69.81,-10.93],[-69.84,-10.93],[-69.88,-10.93],[-69.9,-10.93],[-69.91,-10.92],[-69.96,-10.92],[-70.2,-11.04],[-70.24,-11.06],[-70.29,-11.06],[-70.34,-11.07],[-70.39,-11.06],[-70.44,-11.04],[-70.46,-11.01],[-70.51,-10.96],[-70.53,-10.94],[-70.56,-10.94],[-70.64,-11.01],[-70.64,-10.93],[-70.64,-10.8],[-70.64,-10.68],[-70.64,-10.55],[-70.64,-10.42],[-70.64,-10.29],[-70.64,-10.17],[-70.64,-10.04],[-70.64,-9.96],[-70.64,-9.91],[-70.64,-9.85],[-70.63,-9.81],[-70.62,-9.8],[-70.62,-9.79],[-70.61,-9.79],[-70.6,-9.78],[-70.59,-9.78],[-70.58,-9.79],[-70.57,-9.78],[-70.57,-9.77],[-70.56,-9.76],[-70.55,-9.74],[-70.54,-9.73],[-70.54,-9.71],[-70.55,-9.69],[-70.56,-9.67],[-70.59,-9.65],[-70.6,-9.64],[-70.61,-9.62],[-70.61,-9.58],[-70.62,-9.57],[-70.62,-9.56],[-70.59,-9.56],[-70.59,-9.57],[-70.57,-9.57],[-70.56,-9.57],[-70.58,-9.54],[-70.58,-9.53],[-70.57,-9.52],[-70.56,-9.52],[-70.56,-9.51],[-70.56,-9.5],[-70.54,-9.49],[-70.54,-9.48],[-70.54,-9.46],[-70.53,-9.45],[-70.52,-9.44],[-70.52,-9.43],[-70.57,-9.44],[-70.59,-9.44],[-70.61,-9.45],[-70.63,-9.47],[-70.66,-9.51],[-70.68,-9.53],[-70.75,-9.56],[-70.77,-9.58],[-70.81,-9.62],[-70.83,-9.63],[-70.88,-9.66],[-70.89,-9.68],[-70.92,-9.72],[-70.93,-9.73],[-70.96,-9.75],[-70.97,-9.75],[-70.98,-9.77],[-70.99,-9.79],[-71.0,-9.8],[-71.02,-9.82],[-71.08,-9.83],[-71.14,-9.86],[-71.16,-9.88],[-71.17,-9.9],[-71.18,-9.92],[-71.2,-9.94],[-71.25,-9.96],[-71.28,-9.98],[-71.3,-9.99],[-71.31,-9.99],[-71.32,-9.99],[-71.33,-9.98],[-71.34,-9.98],[-71.35,-9.98],[-71.36,-9.99],[-71.37,-10.0],[-71.39,-10.01],[-71.43,-10.01],[-71.61,-10.01],[-71.79,-10.01],[-71.96,-10.01],[-72.14,-10.01],[-72.2,-10.01],[-72.18,-9.98],[-72.18,-9.97],[-72.19,-9.95],[-72.18,-9.93],[-72.18,-9.92],[-72.16,-9.9],[-72.16,-9.89],[-72.16,-9.88],[-72.17,-9.86],[-72.17,-9.85],[-72.19,-9.81],[-72.27,-9.76],[-72.28,-9.72],[-72.27,-9.69],[-72.26,-9.67],[-72.27,-9.65],[-72.29,-9.62],[-72.3,-9.6],[-72.31,-9.58],[-72.31,-9.55],[-72.31,-9.54],[-72.31,-9.53],[-72.32,-9.53],[-72.33,-9.53],[-72.34,-9.53],[-72.36,-9.52],[-72.39,-9.5],[-72.41,-9.49],[-72.43,-9.48],[-72.49,-9.49],[-72.54,-9.48],[-72.55,-9.48],[-72.6,-9.46],[-72.64,-9.44],[-72.66,-9.44],[-72.67,-9.45],[-72.68,-9.45],[-72.69,-9.44],[-72.81,-9.41],[-73.21,-9.41],[-73.19,-9.38],[-73.14,-9.32],[-73.12,-9.29],[-73.1,-9.26],[-73.09,-9.24],[-73.08,-9.24],[-73.06,-9.23],[-73.05,-9.23],[-73.03,-9.22],[-73.03,-9.21],[-73.03,-9.18],[-72.98,-9.15],[-72.97,-9.13],[-72.96,-9.12],[-72.96,-9.09],[-72.97,-9.0],[-72.98,-8.99],[-73.0,-8.94],[-73.02,-8.93],[-73.05,-8.91],[-73.07,-8.89],[-73.15,-8.78],[-73.16,-8.74],[-73.17,-8.72],[-73.19,-8.7],[-73.21,-8.69],[-73.27,-8.68],[-73.29,-8.67],[-73.31,-8.65],[-73.35,-8.6],[-73.36,-8.58],[-73.36,-8.56],[-73.35,-8.52],[-73.35,-8.5],[-73.36,-8.48],[-73.37,-8.47],[-73.38,-8.46],[-73.4,-8.46],[-73.41,-8.46],[-73.42,-8.45],[-73.44,-8.43],[-73.45,-8.42],[-73.53,-8.37],[-73.54,-8.36],[-73.55,-8.34],[-73.55,-8.3],[-73.56,-8.27],[-73.59,-8.23],[-73.6,-8.21],[-73.61,-8.19],[-73.6,-8.16],[-73.6,-8.14],[-73.61,-8.11],[-73.64,-8.07],[-73.65,-8.05],[-73.67,-8.01],[-73.71,-7.99],[-73.75,-7.98],[-73.78,-7.95],[-73.78,-7.94],[-73.8,-7.89],[-73.79,-7.87],[-73.78,-7.87],[-73.75,-7.89],[-73.71,-7.87],[-73.7,-7.83],[-73.71,-7.79],[-73.74,-7.76],[-73.78,-7.75],[-73.81,-7.74],[-73.84,-7.72],[-73.97,-7.58],[-74.01,-7.56],[-74.02,-7.54],[-73.98,-7.53],[-73.97,-7.52],[-73.96,-7.5],[-73.96,-7.48],[-73.95,-7.47],[-73.94,-7.45],[-73.95,-7.42],[-73.98,-7.37],[-73.98,-7.36],[-73.96,-7.36],[-73.92,-7.37],[-73.9,-7.37],[-73.88,-7.37],[-73.84,-7.34],[-73.83,-7.34],[-73.8,-7.34],[-73.76,-7.34],[-73.74,-7.33],[-73.72,-7.32],[-73.71,-7.3],[-73.72,-7.29],[-73.72,-7.27],[-73.73,-7.23],[-73.8,-7.13],[-73.81,-7.12],[-73.81,-7.1],[-73.81,-7.08],[-73.79,-7.05],[-73.77,-6.96],[-73.77,-6.9],[-73.76,-6.89],[-73.75,-6.88],[-73.71,-6.85],[-73.7,-6.84],[-73.69,-6.81],[-73.67,-6.8],[-73.64,-6.78],[-73.59,-6.74],[-73.51,-6.7],[-73.45,-6.64],[-73.41,-6.62],[-73.37,-6.58],[-73.35,-6.58],[-73.28,-6.58],[-73.23,-6.56],[-73.2,-6.55],[-73.17,-6.52],[-73.15,-6.48],[-73.13,-6.44],[-73.13,-6.41],[-73.13,-6.39],[-73.13,-6.37],[-73.16,-6.32],[-73.16,-6.3],[-73.17,-6.22],[-73.18,-6.2],[-73.23,-6.15],[-73.24,-6.12],[-73.23,-6.08],[-73.22,-6.04],[-73.2,-6.01],[-73.14,-5.88],[-73.11,-5.85],[-73.0,-5.71],[-72.99,-5.68],[-72.98,-5.65],[-72.96,-5.56],[-72.96,-5.53],[-72.97,-5.5],[-72.97,-5.47],[-72.96,-5.43],[-72.93,-5.37],[-72.93,-5.36],[-72.92,-5.31],[-72.92,-5.3],[-72.91,-5.29],[-72.9,-5.27],[-72.89,-5.26],[-72.9,-5.19],[-72.91,-5.18],[-72.91,-5.16],[-72.92,-5.15],[-72.92,-5.13],[-72.89,-5.13],[-72.88,-5.13],[-72.87,-5.12],[-72.86,-5.12],[-72.86,-5.11],[-72.86,-5.1],[-72.85,-5.09],[-72.84,-5.1],[-72.83,-5.1],[-72.79,-5.09],[-72.77,-5.08],[-72.76,-5.06],[-72.75,-5.06],[-72.73,-5.06],[-72.71,-5.06],[-72.65,-5.06],[-72.64,-5.06],[-72.64,-5.05],[-72.63,-5.04],[-72.63,-5.03],[-72.63,-5.02],[-72.61,-5.01],[-72.59,-5.0],[-72.56,-4.97],[-72.55,-4.96],[-72.53,-4.95],[-72.51,-4.95],[-72.5,-4.95],[-72.49,-4.94],[-72.49,-4.93],[-72.48,-4.92],[-72.48,-4.91],[-72.48,-4.9],[-72.47,-4.9],[-72.46,-4.9],[-72.45,-4.9],[-72.43,-4.89],[-72.41,-4.88],[-72.4,-4.86],[-72.4,-4.81],[-72.39,-4.79],[-72.34,-4.78],[-72.34,-4.77],[-72.33,-4.76],[-72.32,-4.76],[-72.28,-4.77],[-72.27,-4.76],[-72.25,-4.76],[-72.23,-4.75],[-72.18,-4.71],[-72.13,-4.68],[-72.11,-4.66],[-72.1,-4.65],[-72.08,-4.61],[-72.07,-4.61],[-72.06,-4.61],[-72.05,-4.61],[-72.04,-4.61],[-72.03,-4.61],[-72.01,-4.59],[-71.98,-4.58],[-71.93,-4.54],[-71.91,-4.52],[-71.89,-4.51],[-71.81,-4.5],[-71.8,-4.5],[-71.8,-4.49],[-71.79,-4.48],[-71.78,-4.48],[-71.77,-4.48],[-71.75,-4.49],[-71.74,-4.5],[-71.72,-4.49],[-71.71,-4.48],[-71.7,-4.48],[-71.68,-4.49],[-71.67,-4.5],[-71.67,-4.51],[-71.66,-4.51],[-71.64,-4.5],[-71.62,-4.48],[-71.61,-4.48],[-71.62,-4.5],[-71.57,-4.48],[-71.56,-4.48],[-71.53,-4.48],[-71.52,-4.49],[-71.52,-4.48],[-71.51,-4.46],[-71.51,-4.45],[-71.49,-4.44],[-71.48,-4.44],[-71.45,-4.44],[-71.4,-4.43],[-71.39,-4.43],[-71.38,-4.44],[-71.37,-4.45],[-71.36,-4.46],[-71.35,-4.45],[-71.34,-4.44],[-71.33,-4.44],[-71.32,-4.44],[-71.31,-4.43],[-71.31,-4.42],[-71.31,-4.41],[-71.3,-4.39],[-71.29,-4.38],[-71.26,-4.38],[-71.24,-4.38],[-71.21,-4.41],[-71.2,-4.4],[-71.19,-4.37],[-71.17,-4.36],[-71.16,-4.37],[-71.15,-4.39],[-71.14,-4.4],[-71.13,-4.4],[-71.12,-4.4],[-71.11,-4.37],[-71.08,-4.36],[-71.03,-4.39],[-71.01,-4.37],[-71.01,-4.35],[-70.99,-4.37],[-70.97,-4.39],[-70.95,-4.36],[-70.94,-4.35],[-70.93,-4.33],[-70.9,-4.3],[-70.89,-4.28],[-70.88,-4.27],[-70.87,-4.25],[-70.86,-4.24],[-70.84,-4.24],[-70.84,-4.23],[-70.85,-4.2],[-70.85,-4.19],[-70.83,-4.18],[-70.78,-4.16],[-70.77,-4.16],[-70.71,-4.17],[-70.69,-4.17],[-70.68,-4.16],[-70.67,-4.13],[-70.66,-4.12],[-70.65,-4.12],[-70.63,-4.12],[-70.63,-4.13],[-70.63,-4.15],[-70.63,-4.17],[-70.59,-4.19],[-70.58,-4.18],[-70.57,-4.17],[-70.57,-4.15],[-70.55,-4.14],[-70.53,-4.15],[-70.53,-4.16],[-70.53,-4.18],[-70.52,-4.18],[-70.5,-4.18],[-70.46,-4.14],[-70.44,-4.14],[-70.43,-4.13],[-70.42,-4.14],[-70.4,-4.14],[-70.37,-4.16],[-70.36,-4.17],[-70.34,-4.14],[-70.33,-4.14],[-70.32,-4.16],[-70.31,-4.17],[-70.31,-4.19],[-70.32,-4.23],[-70.32,-4.25],[-70.31,-4.26],[-70.26,-4.3],[-70.25,-4.3],[-70.24,-4.3],[-70.23,-4.3],[-70.22,-4.31],[-70.22,-4.33],[-70.21,-4.34],[-70.19,-4.33],[-70.17,-4.29],[-70.16,-4.27],[-70.14,-4.26],[-70.12,-4.26],[-70.1,-4.27],[-70.09,-4.28],[-70.08,-4.31],[-70.08,-4.32],[-70.06,-4.33],[-70.05,-4.34],[-70.04,-4.34],[-70.02,-4.34],[-69.99,-4.31],[-69.97,-4.29],[-69.96,-4.26],[-69.96,-4.24],[-69.96,-4.23],[-69.96,-4.22],[-69.95,-4.21],[-69.95,-4.2],[-69.92,-4.04],[-69.89,-3.88],[-69.86,-3.72],[-69.83,-3.56],[-69.8,-3.4],[-69.77,-3.23],[-69.74,-3.07],[-69.71,-2.91],[-69.68,-2.75],[-69.65,-2.59],[-69.62,-2.43],[-69.59,-2.27],[-69.57,-2.11],[-69.54,-1.94],[-69.51,-1.78],[-69.48,-1.62],[-69.47,-1.56],[-69.45,-1.51],[-69.45,-1.49],[-69.43,-1.42],[-69.43,-1.38],[-69.42,-1.28],[-69.42,-1.24],[-69.4,-1.18],[-69.41,-1.15],[-69.45,-1.09],[-69.45,-1.08],[-69.44,-1.06],[-69.44,-1.05],[-69.45,-1.01],[-69.44,-1.01],[-69.45,-1.0],[-69.46,-0.99],[-69.47,-0.99],[-69.49,-0.96],[-69.5,-0.95],[-69.52,-0.94],[-69.53,-0.93],[-69.54,-0.92],[-69.54,-0.91],[-69.54,-0.9],[-69.54,-0.89],[-69.54,-0.88],[-69.55,-0.87],[-69.56,-0.87],[-69.56,-0.86],[-69.57,-0.85],[-69.58,-0.84],[-69.57,-0.81],[-69.58,-0.8],[-69.62,-0.76],[-69.63,-0.73],[-69.62,-0.72],[-69.59,-0.67],[-69.58,-0.64],[-69.59,-0.63],[-69.59,-0.62],[-69.6,-0.62],[-69.6,-0.61],[-69.61,-0.6],[-69.61,-0.57],[-69.61,-0.54],[-69.62,-0.52],[-69.63,-0.51],[-69.65,-0.49],[-69.67,-0.48],[-69.75,-0.45],[-69.76,-0.44],[-69.79,-0.41],[-69.8,-0.4],[-69.82,-0.39],[-69.83,-0.38],[-69.84,-0.37],[-69.85,-0.35],[-69.86,-0.34],[-69.88,-0.33],[-69.91,-0.32],[-69.93,-0.31],[-69.94,-0.31],[-69.97,-0.27],[-70.02,-0.23],[-70.06,-0.18],[-70.07,-0.16],[-70.07,-0.12],[-70.07,-0.07],[-70.07,-0.05],[-70.07,0.02],[-70.07,0.11],[-70.06,0.22],[-70.06,0.33],[-70.06,0.43],[-70.06,0.49],[-70.06,0.52],[-70.05,0.59],[-70.04,0.57],[-70.02,0.58],[-70.0,0.59],[-69.98,0.59],[-69.95,0.59],[-69.93,0.59],[-69.91,0.59],[-69.85,0.6],[-69.81,0.61],[-69.77,0.62],[-69.73,0.64],[-69.69,0.67],[-69.68,0.67],[-69.65,0.66],[-69.62,0.65],[-69.6,0.67],[-69.59,0.69],[-69.57,0.7],[-69.56,0.7],[-69.52,0.72],[-69.5,0.73],[-69.48,0.73],[-69.46,0.73],[-69.44,0.72],[-69.37,0.64],[-69.36,0.64],[-69.34,0.65],[-69.32,0.66],[-69.3,0.66],[-69.29,0.65],[-69.3,0.62],[-69.28,0.62],[-69.24,0.61],[-69.23,0.61],[-69.22,0.62],[-69.21,0.63],[-69.2,0.64],[-69.19,0.64],[-69.17,0.63],[-69.16,0.63],[-69.14,0.64],[-69.14,0.65],[-69.14,0.67],[-69.15,0.69],[-69.16,0.7],[-69.18,0.71],[-69.19,0.72],[-69.19,0.73],[-69.19,0.74],[-69.17,0.75],[-69.17,0.76],[-69.17,0.78],[-69.18,0.82],[-69.18,0.84],[-69.17,0.85],[-69.16,0.85],[-69.15,0.85],[-69.15,0.87],[-69.16,0.88],[-69.17,0.88],[-69.19,0.89],[-69.21,0.91],[-69.2,0.94],[-69.23,0.96],[-69.23,0.97],[-69.23,0.98],[-69.23,0.99],[-69.24,1.0],[-69.26,1.01],[-69.27,1.03],[-69.29,1.04],[-69.34,1.06],[-69.35,1.07],[-69.37,1.06],[-69.42,1.03],[-69.43,1.03],[-69.45,1.04],[-69.45,1.05],[-69.46,1.05],[-69.46,1.06],[-69.47,1.06],[-69.48,1.06],[-69.51,1.06],[-69.54,1.06],[-69.55,1.06],[-69.6,1.07],[-69.62,1.07],[-69.72,1.06],[-69.73,1.06],[-69.73,1.08],[-69.74,1.09],[-69.75,1.09],[-69.76,1.09],[-69.79,1.08],[-69.83,1.06],[-69.85,1.06],[-69.85,1.12],[-69.85,1.19],[-69.85,1.26],[-69.85,1.33],[-69.85,1.39],[-69.85,1.46],[-69.85,1.53],[-69.85,1.6],[-69.85,1.67],[-69.86,1.71],[-69.84,1.71],[-69.81,1.71],[-69.79,1.71],[-69.75,1.74],[-69.73,1.74],[-69.71,1.74],[-69.69,1.74],[-69.65,1.74],[-69.58,1.77],[-69.54,1.77],[-69.47,1.76],[-69.39,1.73],[-69.35,1.72],[-69.3,1.72],[-69.18,1.72],[-69.0,1.72],[-68.8,1.72],[-68.59,1.72],[-68.41,1.72],[-68.29,1.72],[-68.24,1.72],[-68.16,1.72],[-68.18,1.73],[-68.19,1.74],[-68.19,1.76],[-68.2,1.77],[-68.24,1.77],[-68.24,1.79],[-68.24,1.81],[-68.25,1.82],[-68.27,1.83],[-68.28,1.83],[-68.26,1.86],[-68.2,2.01],[-68.19,2.01],[-68.19,1.99],[-68.19,1.98],[-68.18,1.97],[-68.17,1.97],[-68.15,1.97],[-68.13,1.96],[-68.11,1.94],[-68.1,1.92],[-68.08,1.86],[-68.06,1.82],[-68.03,1.78],[-68.0,1.75],[-67.96,1.74],[-67.93,1.74],[-67.89,1.75],[-67.86,1.76],[-67.82,1.78],[-67.79,1.81],[-67.67,1.97],[-67.59,2.05],[-67.55,2.07],[-67.53,2.1],[-67.51,2.11],[-67.48,2.11],[-67.47,2.12],[-67.45,2.13],[-67.44,2.14],[-67.42,2.14],[-67.38,2.12],[-67.37,2.11],[-67.34,2.09],[-67.32,2.05],[-67.29,1.97],[-67.26,1.93],[-67.16,1.79],[-67.12,1.71],[-67.08,1.6],[-67.07,1.54],[-67.1,1.25],[-67.09,1.2],[-67.09,1.18],[-67.07,1.17],[-66.98,1.2],[-66.91,1.21],[-66.88,1.22],[-66.86,1.21],[-66.81,1.16],[-66.74,1.1],[-66.66,1.03],[-66.58,0.96],[-66.52,0.9],[-66.47,0.86],[-66.45,0.84],[-66.41,0.8],[-66.35,0.76],[-66.29,0.75],[-66.23,0.76],[-66.21,0.76],[-66.19,0.75],[-66.17,0.74],[-66.16,0.73],[-66.13,0.73],[-66.11,0.74],[-66.08,0.78],[-66.06,0.79],[-66.01,0.79],[-65.99,0.79],[-65.97,0.81],[-65.95,0.83],[-65.91,0.87],[-65.89,0.9],[-65.87,0.91],[-65.79,0.95],[-65.75,0.97],[-65.72,0.98],[-65.7,0.98],[-65.63,0.98],[-65.61,0.99],[-65.6,0.98],[-65.58,0.98],[-65.57,0.97],[-65.56,0.96],[-65.54,0.93],[-65.53,0.91],[-65.52,0.89],[-65.52,0.86],[-65.53,0.82],[-65.56,0.78],[-65.59,0.74],[-65.59,0.69],[-65.57,0.67],[-65.56,0.66],[-65.54,0.65],[-65.52,0.65],[-65.5,0.66],[-65.47,0.67],[-65.45,0.69],[-65.43,0.72],[-65.41,0.74],[-65.41,0.76],[-65.41,0.78],[-65.41,0.79],[-65.4,0.82],[-65.39,0.84],[-65.33,0.91],[-65.31,0.92],[-65.28,0.92],[-65.24,0.91],[-65.22,0.91],[-65.2,0.92],[-65.18,0.96],[-65.17,1.0],[-65.16,1.08],[-65.14,1.13],[-65.1,1.14],[-65.06,1.13],[-65.02,1.14],[-65.02,1.16],[-65.01,1.17],[-65.0,1.17],[-64.97,1.2],[-64.96,1.21],[-64.93,1.21],[-64.91,1.21],[-64.9,1.22],[-64.88,1.23],[-64.86,1.26],[-64.84,1.27],[-64.82,1.27],[-64.77,1.25],[-64.75,1.24],[-64.73,1.25],[-64.6,1.33],[-64.59,1.35],[-64.57,1.4],[-64.55,1.42],[-64.53,1.44],[-64.48,1.46],[-64.43,1.49],[-64.41,1.51],[-64.39,1.51],[-64.36,1.5],[-64.36,1.48],[-64.39,1.44],[-64.39,1.42],[-64.39,1.39],[-64.39,1.37],[-64.37,1.36],[-64.35,1.37],[-64.34,1.38],[-64.32,1.42],[-64.3,1.45],[-64.23,1.5],[-64.18,1.55],[-64.13,1.58],[-64.11,1.6],[-64.09,1.62],[-64.08,1.65],[-64.08,1.67],[-64.07,1.68],[-64.08,1.75],[-64.06,1.81],[-64.05,1.89],[-64.04,1.93],[-64.0,1.96],[-63.96,1.97],[-63.92,1.97],[-63.8,1.97],[-63.78,1.97],[-63.76,1.99],[-63.62,2.1],[-63.56,2.13],[-63.55,2.13],[-63.52,2.12],[-63.51,2.12],[-63.44,2.14],[-63.41,2.15],[-63.4,2.17],[-63.4,2.19],[-63.4,2.2],[-63.39,2.24],[-63.37,2.27],[-63.37,2.28],[-63.37,2.35],[-63.37,2.37],[-63.36,2.4],[-63.36,2.41],[-63.38,2.42],[-63.51,2.42],[-63.57,2.43],[-63.7,2.44],[-63.77,2.43],[-63.83,2.43],[-63.95,2.46],[-64.01,2.47],[-64.03,2.46],[-64.05,2.47],[-64.06,2.49],[-64.06,2.51],[-64.05,2.53],[-64.01,2.6],[-64.01,2.62],[-64.0,2.68],[-64.0,2.71],[-64.0,2.73],[-64.01,2.74],[-64.03,2.8],[-64.11,2.95],[-64.14,2.99],[-64.17,3.05],[-64.21,3.09],[-64.22,3.12],[-64.23,3.17],[-64.22,3.25],[-64.22,3.29],[-64.25,3.42],[-64.24,3.44],[-64.23,3.46],[-64.21,3.5],[-64.2,3.52],[-64.2,3.53],[-64.2,3.57],[-64.2,3.59],[-64.22,3.62],[-64.27,3.65],[-64.32,3.72],[-64.35,3.74],[-64.39,3.76],[-64.43,3.78],[-64.53,3.85],[-64.57,3.91],[-64.6,3.94],[-64.64,3.97],[-64.66,4.0],[-64.71,4.08],[-64.72,4.12],[-64.73,4.14],[-64.74,4.16],[-64.76,4.17],[-64.78,4.18],[-64.8,4.19],[-64.81,4.21],[-64.82,4.23],[-64.81,4.25],[-64.81,4.27],[-64.79,4.28],[-64.75,4.29],[-64.7,4.26],[-64.66,4.23],[-64.65,4.21],[-64.64,4.19],[-64.62,4.15],[-64.61,4.13],[-64.59,4.12],[-64.36,4.15],[-64.24,4.14],[-64.17,4.12],[-64.15,4.11],[-64.13,4.09],[-64.11,4.06],[-64.1,4.02],[-64.08,3.95],[-64.06,3.91],[-64.04,3.88],[-64.0,3.88],[-63.96,3.9],[-63.92,3.93],[-63.88,3.95],[-63.83,3.95],[-63.79,3.93],[-63.77,3.93],[-63.75,3.93],[-63.69,3.94],[-63.67,3.95],[-63.62,3.94],[-63.55,3.88],[-63.51,3.85],[-63.47,3.87],[-63.46,3.9],[-63.45,3.94],[-63.43,3.97],[-63.39,3.97],[-63.35,3.96],[-63.29,3.92],[-63.25,3.89],[-63.19,3.81],[-63.13,3.76],[-63.02,3.64],[-63.01,3.61],[-63.0,3.6],[-62.98,3.58],[-62.95,3.57],[-62.93,3.56],[-62.91,3.56],[-62.89,3.56],[-62.87,3.57],[-62.85,3.58],[-62.83,3.59],[-62.82,3.6],[-62.81,3.6],[-62.8,3.6],[-62.79,3.6],[-62.77,3.62],[-62.75,3.66],[-62.74,3.7],[-62.74,3.74],[-62.75,3.78],[-62.77,3.82],[-62.77,3.85],[-62.78,3.86],[-62.79,3.87],[-62.79,3.9],[-62.78,3.92],[-62.77,3.94],[-62.77,3.96],[-62.77,3.99],[-62.77,4.01],[-62.77,4.02],[-62.74,4.03],[-62.73,4.04],[-62.67,4.04],[-62.59,4.03],[-62.56,4.04],[-62.55,4.08],[-62.55,4.1],[-62.55,4.11],[-62.54,4.13],[-62.51,4.13],[-62.48,4.14],[-62.47,4.15],[-62.47,4.17],[-62.46,4.17],[-62.43,4.18],[-62.38,4.17],[-62.19,4.09],[-62.15,4.09],[-62.11,4.1],[-62.04,4.16],[-61.99,4.17],[-61.97,4.16],[-61.95,4.15],[-61.93,4.15],[-61.91,4.15],[-61.89,4.15],[-61.87,4.16],[-61.85,4.17],[-61.83,4.18],[-61.78,4.23],[-61.76,4.25],[-61.74,4.25],[-61.72,4.25],[-61.68,4.25],[-61.65,4.24],[-61.64,4.24],[-61.63,4.24],[-61.61,4.25],[-61.6,4.25],[-61.59,4.25],[-61.58,4.25],[-61.57,4.25],[-61.55,4.25],[-61.54,4.26],[-61.53,4.27],[-61.53,4.29],[-61.52,4.3],[-61.52,4.37],[-61.5,4.4],[-61.46,4.42],[-61.44,4.42],[-61.38,4.42],[-61.36,4.42],[-61.33,4.42],[-61.31,4.43],[-61.29,4.45],[-61.3,4.47],[-61.32,4.51],[-61.32,4.52],[-61.3,4.52],[-61.24,4.52],[-61.22,4.51],[-61.19,4.49],[-61.17,4.49],[-61.15,4.49],[-61.1,4.51],[-61.01,4.52],[-60.98,4.53],[-60.95,4.57],[-60.94,4.59],[-60.93,4.64],[-60.9,4.7],[-60.9,4.71],[-60.89,4.71],[-60.87,4.71],[-60.86,4.71],[-60.76,4.76],[-60.72,4.78],[-60.68,4.82],[-60.61,4.9],[-60.59,4.95],[-60.6,5.0],[-60.66,5.17],[-60.68,5.19],[-60.71,5.2],[-60.74,5.2],[-60.7,5.21],[-60.67,5.21],[-60.61,5.21],[-60.6,5.21],[-60.59,5.2],[-60.58,5.19],[-60.57,5.19],[-60.55,5.19],[-60.5,5.2],[-60.48,5.19],[-60.47,5.19],[-60.46,5.18],[-60.46,5.17],[-60.45,5.17],[-60.44,5.18],[-60.43,5.2],[-60.42,5.21],[-60.4,5.21],[-60.35,5.19],[-60.33,5.19],[-60.31,5.21],[-60.27,5.25],[-60.26,5.26],[-60.21,5.27],[-60.2,5.26],[-60.19,5.24],[-60.18,5.23],[-60.13,5.24],[-60.12,5.23],[-60.09,5.16],[-60.08,5.14],[-60.06,5.13],[-60.01,5.1],[-59.98,5.09],[-59.98,5.06],[-60.0,5.0],[-60.0,4.96],[-60.0,4.94],[-60.01,4.92],[-60.02,4.89],[-60.02,4.83],[-60.03,4.79],[-60.03,4.74],[-60.03,4.73],[-60.04,4.71],[-60.05,4.69],[-60.08,4.65],[-60.08,4.64],[-60.08,4.63],[-60.08,4.62],[-60.09,4.61],[-60.1,4.6],[-60.11,4.6],[-60.13,4.59],[-60.16,4.57],[-60.16,4.55],[-60.16,4.53],[-60.15,4.51],[-60.13,4.5],[-60.12,4.5],[-60.11,4.5],[-60.11,4.51],[-60.1,4.52],[-60.1,4.53],[-60.09,4.53],[-60.08,4.52],[-60.07,4.51],[-60.07,4.49],[-60.06,4.49],[-60.04,4.5],[-60.02,4.5],[-60.0,4.49],[-59.98,4.49],[-59.98,4.5],[-59.97,4.5],[-59.96,4.51],[-59.95,4.51],[-59.94,4.5],[-59.93,4.5],[-59.92,4.48],[-59.91,4.47],[-59.91,4.48],[-59.89,4.48],[-59.87,4.48],[-59.87,4.47],[-59.87,4.46],[-59.86,4.46],[-59.85,4.46],[-59.83,4.45],[-59.82,4.46],[-59.81,4.47],[-59.8,4.45],[-59.74,4.42],[-59.73,4.41],[-59.72,4.4],[-59.71,4.39],[-59.7,4.39],[-59.69,4.38],[-59.69,4.37],[-59.69,4.36],[-59.69,4.34],[-59.73,4.31],[-59.74,4.29],[-59.74,4.28],[-59.73,4.27],[-59.72,4.26],[-59.73,4.26],[-59.74,4.25],[-59.74,4.24],[-59.74,4.22],[-59.74,4.21],[-59.74,4.2],[-59.73,4.18],[-59.71,4.16],[-59.67,4.15],[-59.65,4.13],[-59.65,4.12],[-59.66,4.1],[-59.66,4.08],[-59.65,4.06],[-59.62,4.03],[-59.61,4.01],[-59.6,4.0],[-59.6,3.97],[-59.59,3.97],[-59.58,3.97],[-59.55,3.96],[-59.54,3.96],[-59.53,3.95],[-59.53,3.94],[-59.53,3.93],[-59.54,3.93],[-59.56,3.92],[-59.58,3.9],[-59.6,3.88],[-59.6,3.86],[-59.6,3.83],[-59.6,3.82],[-59.6,3.8],[-59.62,3.79],[-59.66,3.77],[-59.67,3.76],[-59.68,3.73],[-59.68,3.72],[-59.68,3.71],[-59.68,3.7],[-59.69,3.69],[-59.7,3.68],[-59.72,3.67],[-59.76,3.64],[-59.84,3.61],[-59.86,3.58],[-59.86,3.55],[-59.85,3.53],[-59.83,3.51],[-59.82,3.48],[-59.84,3.44],[-59.84,3.43],[-59.82,3.43],[-59.83,3.38],[-59.82,3.36],[-59.83,3.35],[-59.84,3.35],[-59.85,3.32],[-59.88,3.27],[-59.88,3.26],[-59.9,3.22],[-59.9,3.21],[-59.91,3.2],[-59.92,3.19],[-59.92,3.18],[-59.91,3.17],[-59.9,3.16],[-59.91,3.15],[-59.92,3.15],[-59.92,3.14],[-59.91,3.13],[-59.91,3.12],[-59.92,3.12],[-59.93,3.11],[-59.96,3.07],[-59.97,3.04],[-59.97,3.02],[-59.97,2.96],[-59.97,2.94],[-59.99,2.86],[-60.0,2.69],[-60.0,2.67],[-59.97,2.61],[-59.97,2.6],[-59.97,2.59],[-59.95,2.58],[-59.94,2.56],[-59.94,2.54],[-59.94,2.52],[-59.91,2.46],[-59.91,2.45],[-59.9,2.43],[-59.9,2.42],[-59.9,2.4],[-59.91,2.39],[-59.91,2.38],[-59.9,2.36],[-59.88,2.35],[-59.84,2.33],[-59.81,2.3],[-59.8,2.29],[-59.79,2.29],[-59.77,2.29],[-59.76,2.29],[-59.74,2.26],[-59.74,2.23],[-59.75,2.19],[-59.74,2.15],[-59.74,2.12],[-59.74,2.11],[-59.74,2.1],[-59.75,2.09],[-59.75,2.08],[-59.75,2.06],[-59.74,2.04],[-59.74,2.03],[-59.74,2.02],[-59.74,2.01],[-59.75,2.0],[-59.74,1.97],[-59.74,1.96],[-59.75,1.95],[-59.76,1.93],[-59.76,1.92],[-59.77,1.9],[-59.76,1.88],[-59.76,1.86],[-59.75,1.85],[-59.74,1.85],[-59.72,1.86],[-59.71,1.86],[-59.67,1.84],[-59.66,1.84],[-59.65,1.84],[-59.65,1.83],[-59.67,1.79],[-59.68,1.77],[-59.68,1.76],[-59.66,1.73],[-59.65,1.73],[-59.64,1.72],[-59.63,1.72],[-59.61,1.72],[-59.59,1.72],[-59.57,1.73],[-59.55,1.72],[-59.53,1.7],[-59.5,1.66],[-59.49,1.64],[-59.45,1.61],[-59.45,1.6],[-59.43,1.57],[-59.42,1.56],[-59.41,1.55],[-59.4,1.55],[-59.39,1.55],[-59.39,1.54],[-59.38,1.53],[-59.38,1.52],[-59.37,1.52],[-59.35,1.53],[-59.34,1.52],[-59.33,1.51],[-59.32,1.49],[-59.32,1.47],[-59.3,1.46],[-59.29,1.45],[-59.27,1.4],[-59.26,1.39],[-59.24,1.38],[-59.18,1.36],[-59.01,1.33],[-58.97,1.31],[-58.95,1.3],[-58.93,1.28],[-58.91,1.26],[-58.91,1.24],[-58.9,1.22],[-58.87,1.2],[-58.85,1.19],[-58.83,1.19],[-58.82,1.19],[-58.8,1.19],[-58.77,1.2],[-58.75,1.21],[-58.74,1.23],[-58.71,1.27],[-58.7,1.28],[-58.68,1.28],[-58.58,1.27],[-58.57,1.28],[-58.56,1.29],[-58.55,1.28],[-58.54,1.28],[-58.54,1.27],[-58.53,1.27],[-58.52,1.27],[-58.49,1.32],[-58.48,1.33],[-58.48,1.36],[-58.49,1.38],[-58.51,1.42],[-58.51,1.44],[-58.5,1.45],[-58.5,1.46],[-58.43,1.47],[-58.41,1.47],[-58.39,1.49],[-58.39,1.5],[-58.39,1.52],[-58.39,1.53],[-58.38,1.54],[-58.36,1.55],[-58.35,1.55],[-58.34,1.57],[-58.34,1.58],[-58.33,1.59],[-58.32,1.6],[-58.31,1.58],[-58.3,1.58],[-58.28,1.57],[-58.26,1.56],[-58.24,1.56],[-58.22,1.56],[-58.21,1.56],[-58.2,1.57],[-58.19,1.57],[-58.17,1.56],[-58.16,1.55],[-58.16,1.53],[-58.15,1.52],[-58.12,1.51],[-58.07,1.51],[-58.03,1.52],[-58.01,1.54],[-57.99,1.57],[-57.99,1.59],[-57.98,1.6],[-57.99,1.63],[-57.99,1.65],[-57.99,1.66],[-57.97,1.66],[-57.94,1.64],[-57.92,1.64],[-57.91,1.65],[-57.87,1.67],[-57.79,1.7],[-57.76,1.71],[-57.72,1.71],[-57.64,1.7],[-57.61,1.7],[-57.56,1.71],[-57.53,1.73],[-57.46,1.82],[-57.45,1.83],[-57.43,1.9],[-57.42,1.91],[-57.41,1.91],[-57.38,1.93],[-57.37,1.94],[-57.36,1.96],[-57.34,1.97],[-57.32,1.98],[-57.29,1.97],[-57.26,1.95],[-57.24,1.95],[-57.15,2.0],[-57.1,2.02],[-57.07,2.0],[-57.07,1.97],[-57.06,1.95],[-57.04,1.93],[-57.01,1.92],[-56.99,1.91],[-56.98,1.91],[-56.94,1.92],[-56.92,1.92],[-56.91,1.91],[-56.91,1.9],[-56.89,1.89],[-56.88,1.89],[-56.81,1.87],[-56.79,1.87],[-56.78,1.88],[-56.74,1.91],[-56.72,1.92],[-56.7,1.91],[-56.68,1.91],[-56.67,1.92],[-56.66,1.93],[-56.64,1.94],[-56.62,1.93],[-56.6,1.92],[-56.59,1.91],[-56.57,1.91],[-56.56,1.91],[-56.53,1.92],[-56.48,1.94],[-56.43,1.92],[-56.42,1.92],[-56.4,1.92],[-56.37,1.93],[-56.35,1.93],[-56.33,1.92],[-56.29,1.9],[-56.27,1.89],[-56.26,1.89],[-56.21,1.89],[-56.15,1.87],[-56.08,1.85],[-56.02,1.83],[-55.95,1.85],[-55.92,1.89],[-55.92,1.92],[-55.92,1.96],[-55.92,2.01],[-55.92,2.02],[-55.92,2.03],[-55.92,2.04],[-55.92,2.05],[-55.93,2.06],[-55.96,2.09],[-56.0,2.14],[-56.03,2.16],[-56.04,2.18],[-56.05,2.22],[-56.07,2.24],[-56.09,2.25],[-56.14,2.25],[-56.15,2.26],[-56.14,2.27],[-56.13,2.3],[-56.12,2.33],[-56.1,2.35],[-56.09,2.35],[-56.08,2.35],[-56.07,2.34],[-56.06,2.34],[-56.05,2.35],[-56.04,2.36],[-56.01,2.4],[-56.01,2.42],[-56.01,2.46],[-56.0,2.5],[-55.99,2.52],[-55.98,2.53],[-55.97,2.53],[-55.95,2.53],[-55.93,2.52],[-55.87,2.47],[-55.85,2.46],[-55.78,2.45],[-55.77,2.44],[-55.77,2.43],[-55.75,2.41],[-55.74,2.4],[-55.72,2.4],[-55.65,2.42],[-55.61,2.43],[-55.59,2.43],[-55.57,2.43],[-55.51,2.44],[-55.47,2.44],[-55.44,2.43],[-55.4,2.43],[-55.37,2.44],[-55.36,2.46],[-55.36,2.48],[-55.35,2.49],[-55.34,2.51],[-55.32,2.52],[-55.3,2.52],[-55.29,2.51],[-55.28,2.5],[-55.25,2.5],[-55.17,2.56],[-55.14,2.56],[-55.13,2.55],[-55.14,2.53],[-55.13,2.53],[-55.12,2.52],[-55.11,2.53],[-55.08,2.55],[-55.04,2.58],[-55.02,2.59],[-54.98,2.61],[-54.96,2.61],[-54.95,2.6],[-54.96,2.59],[-54.98,2.57],[-54.98,2.55],[-54.98,2.54],[-54.88,2.45],[-54.84,2.43],[-54.79,2.45],[-54.78,2.46],[-54.76,2.47],[-54.74,2.47],[-54.72,2.46],[-54.71,2.45],[-54.7,2.45],[-54.7,2.43],[-54.7,2.42],[-54.7,2.41],[-54.7,2.4],[-54.71,2.4],[-54.71,2.39],[-54.72,2.38],[-54.71,2.35],[-54.71,2.34],[-54.71,2.33],[-54.7,2.32],[-54.69,2.32],[-54.67,2.32],[-54.65,2.32],[-54.63,2.32],[-54.62,2.33],[-54.59,2.32],[-54.56,2.31],[-54.54,2.3],[-54.53,2.28],[-54.55,2.28],[-54.55,2.27],[-54.51,2.24],[-54.49,2.22],[-54.48,2.21],[-54.43,2.21],[-54.41,2.2],[-54.4,2.2],[-54.39,2.2],[-54.38,2.2],[-54.37,2.2],[-54.36,2.19],[-54.34,2.16],[-54.32,2.16],[-54.31,2.15],[-54.26,2.15],[-54.25,2.15],[-54.23,2.16],[-54.21,2.16],[-54.19,2.16],[-54.16,2.12],[-54.15,2.11],[-54.13,2.11],[-54.11,2.11],[-54.1,2.13],[-54.08,2.17],[-54.08,2.18],[-54.07,2.19],[-54.05,2.19],[-54.04,2.19],[-54.03,2.18],[-54.02,2.18],[-54.01,2.19],[-53.96,2.21],[-53.95,2.22],[-53.94,2.24],[-53.94,2.26],[-53.93,2.27],[-53.92,2.27],[-53.9,2.26],[-53.89,2.27],[-53.88,2.29],[-53.87,2.3],[-53.84,2.31],[-53.83,2.31],[-53.82,2.32],[-53.81,2.34],[-53.8,2.35],[-53.78,2.36],[-53.76,2.37],[-53.75,2.36],[-53.74,2.35],[-53.74,2.34],[-53.75,2.32],[-53.75,2.31],[-53.74,2.31],[-53.71,2.31],[-53.65,2.28],[-53.63,2.28],[-53.6,2.27],[-53.58,2.27],[-53.55,2.25],[-53.53,2.25],[-53.51,2.25],[-53.47,2.25],[-53.46,2.26],[-53.43,2.29],[-53.39,2.3],[-53.38,2.31],[-53.35,2.34],[-53.35,2.35],[-53.34,2.35],[-53.33,2.35],[-53.32,2.34],[-53.3,2.3],[-53.23,2.25],[-53.23,2.24],[-53.25,2.23],[-53.27,2.22],[-53.28,2.2],[-53.27,2.2],[-53.25,2.2],[-53.13,2.22],[-53.11,2.22],[-53.09,2.21],[-53.06,2.19],[-53.02,2.18],[-52.98,2.17],[-52.96,2.18],[-52.95,2.18],[-52.94,2.19],[-52.94,2.2],[-52.93,2.2],[-52.92,2.19],[-52.92,2.2],[-52.91,2.2],[-52.9,2.21],[-52.89,2.24],[-52.88,2.26],[-52.86,2.27],[-52.82,2.29],[-52.71,2.36],[-52.69,2.37],[-52.68,2.39],[-52.66,2.43],[-52.62,2.46],[-52.59,2.5],[-52.57,2.55],[-52.56,2.56],[-52.56,2.57],[-52.55,2.57],[-52.55,2.59],[-52.56,2.6],[-52.57,2.62],[-52.58,2.63],[-52.57,2.64],[-52.55,2.65],[-52.54,2.65],[-52.54,2.66],[-52.53,2.69],[-52.46,2.87],[-52.45,2.87],[-52.44,2.88],[-52.43,2.89],[-52.42,2.89],[-52.41,2.9],[-52.41,2.91],[-52.42,2.92],[-52.42,2.93],[-52.42,2.94],[-52.35,3.06],[-52.35,3.07],[-52.36,3.11],[-52.36,3.13],[-52.36,3.15],[-52.32,3.18],[-52.3,3.23],[-52.28,3.24],[-52.27,3.24],[-52.26,3.24],[-52.25,3.24],[-52.24,3.25],[-52.23,3.26],[-52.09,3.48],[-52.09,3.49],[-52.09,3.5],[-52.09,3.51],[-52.07,3.52],[-52.07,3.53],[-52.05,3.56],[-52.01,3.62],[-52.0,3.64],[-52.0,3.69],[-51.99,3.7],[-51.97,3.72],[-51.96,3.73],[-51.96,3.72],[-51.95,3.73],[-51.94,3.73],[-51.94,3.74],[-51.94,3.76],[-51.94,3.77],[-51.93,3.78],[-51.9,3.8],[-51.84,3.87],[-51.82,3.89],[-51.81,3.92],[-51.8,3.95],[-51.78,3.98],[-51.76,4.0],[-51.68,4.04],[-51.65,4.05],[-51.63,4.07],[-51.6,4.16],[-51.6,4.22],[-51.59,4.23],[-51.57,4.24],[-51.56,4.22],[-51.55,4.21],[-51.54,4.15],[-51.51,4.08],[-51.45,3.97],[-51.44,3.93],[-51.43,3.96],[-51.44,3.99],[-51.46,4.03],[-51.5,4.11],[-51.55,4.26],[-51.56,4.36],[-51.56,4.37],[-51.55,4.42],[-51.54,4.43],[-51.52,4.44],[-51.49,4.43],[-51.45,4.4],[-51.39,4.36],[-51.3,4.26],[-51.22,4.17],[-51.19,4.08],[-51.18,4.03],[-51.18,3.92],[-51.18,3.8],[-51.2,3.7],[-51.18,3.65],[-51.17,3.67],[-51.16,3.74],[-51.15,3.83],[-51.14,3.87],[-51.12,3.91],[-51.09,3.91],[-51.08,3.88],[-51.09,3.72],[-51.08,3.59],[-51.08,3.49],[-51.1,3.45],[-51.09,3.38],[-51.04,3.23],[-51.03,3.18],[-51.04,3.15],[-51.03,3.13],[-51.02,3.09],[-51.01,3.07],[-51.02,3.06],[-51.02,3.04],[-51.0,3.02],[-51.0,3.01],[-50.99,2.98],[-50.99,2.96],[-50.98,2.94],[-50.96,2.92],[-50.95,2.89],[-50.94,2.88],[-50.95,2.86],[-50.95,2.85],[-50.95,2.84],[-50.94,2.82],[-50.93,2.81],[-50.92,2.81],[-50.92,2.8],[-50.9,2.79],[-50.9,2.78],[-50.89,2.76],[-50.88,2.75],[-50.87,2.73],[-50.87,2.7],[-50.87,2.68],[-50.85,2.67],[-50.85,2.65],[-50.84,2.63],[-50.83,2.59],[-50.82,2.55],[-50.82,2.53],[-50.83,2.52],[-50.84,2.51],[-50.84,2.5],[-50.83,2.49],[-50.82,2.49],[-50.82,2.5],[-50.81,2.5],[-50.79,2.49],[-50.77,2.47],[-50.76,2.44],[-50.76,2.42],[-50.75,2.4],[-50.74,2.38],[-50.74,2.37],[-50.74,2.35],[-50.73,2.31],[-50.72,2.29],[-50.72,2.26],[-50.71,2.24],[-50.7,2.22],[-50.69,2.2],[-50.68,2.17],[-50.7,2.15],[-50.7,2.14],[-50.71,2.14],[-50.73,2.14],[-50.74,2.13],[-50.77,2.14],[-50.78,2.15],[-50.79,2.16],[-50.79,2.15],[-50.79,2.14],[-50.78,2.14],[-50.77,2.13],[-50.76,2.12],[-50.77,2.12],[-50.77,2.11],[-50.78,2.08],[-50.78,2.07],[-50.77,2.06],[-50.77,2.05],[-50.76,2.04],[-50.75,2.05],[-50.75,2.06],[-50.75,2.08],[-50.74,2.09],[-50.73,2.1],[-50.72,2.12],[-50.7,2.13],[-50.68,2.13],[-50.66,2.13],[-50.62,2.11],[-50.6,2.08],[-50.59,2.03],[-50.59,2.02],[-50.56,1.96],[-50.53,1.93],[-50.52,1.91],[-50.52,1.87],[-50.51,1.86],[-50.5,1.84],[-50.49,1.83],[-50.47,1.82],[-50.43,1.8],[-50.39,1.8],[-50.35,1.8],[-50.33,1.82],[-50.31,1.81],[-50.29,1.81],[-50.27,1.81],[-50.26,1.81],[-50.22,1.81],[-50.21,1.81],[-50.18,1.82],[-50.16,1.82],[-50.14,1.8],[-50.09,1.78],[-50.0,1.75],[-49.95,1.72],[-49.92,1.69],[-49.91,1.66],[-49.9,1.61],[-49.9,1.58],[-49.9,1.56],[-49.9,1.53],[-49.89,1.47],[-49.88,1.43],[-49.87,1.39],[-49.87,1.36],[-49.88,1.31],[-49.9,1.29],[-49.91,1.27],[-49.94,1.26],[-49.98,1.25],[-50.03,1.23],[-50.07,1.23],[-50.1,1.21],[-50.12,1.22],[-50.13,1.22],[-50.14,1.23],[-50.15,1.22],[-50.15,1.21],[-50.14,1.19],[-50.12,1.19],[-50.1,1.19],[-50.07,1.19],[-50.03,1.2],[-50.0,1.2],[-49.98,1.2],[-49.94,1.22],[-49.92,1.22],[-49.9,1.21],[-49.89,1.19],[-49.89,1.17],[-49.91,1.13],[-49.94,1.1],[-49.98,1.07],[-50.01,1.07],[-50.03,1.11],[-50.04,1.09],[-50.05,1.05],[-50.06,1.02],[-50.1,1.0],[-50.11,1.0],[-50.14,0.94],[-50.16,0.93],[-50.17,0.92],[-50.25,0.88],[-50.26,0.87],[-50.3,0.83],[-50.31,0.82],[-50.35,0.74],[-50.35,0.73],[-50.37,0.72],[-50.43,0.68],[-50.45,0.66],[-50.47,0.65],[-50.5,0.56],[-50.56,0.45],[-50.61,0.37],[-50.69,0.29],[-50.79,0.17],[-50.8,0.17],[-50.82,0.17],[-50.85,0.17],[-50.93,0.16],[-50.98,0.12],[-51.02,0.07],[-51.07,-0.02],[-51.08,-0.03],[-51.1,-0.04],[-51.16,-0.04],[-51.2,-0.05],[-51.21,-0.05],[-51.21,-0.06],[-51.22,-0.07],[-51.24,-0.07],[-51.27,-0.08],[-51.31,-0.08],[-51.33,-0.08],[-51.33,-0.09],[-51.32,-0.09],[-51.29,-0.1],[-51.28,-0.1],[-51.28,-0.11],[-51.27,-0.12],[-51.27,-0.13],[-51.25,-0.13],[-51.32,-0.22],[-51.34,-0.26],[-51.36,-0.29],[-51.36,-0.33],[-51.37,-0.34],[-51.39,-0.37],[-51.4,-0.39],[-51.43,-0.41],[-51.44,-0.43],[-51.45,-0.44],[-51.44,-0.46],[-51.45,-0.47],[-51.45,-0.49],[-51.49,-0.52],[-51.51,-0.53],[-51.52,-0.54],[-51.54,-0.54],[-51.56,-0.53],[-51.58,-0.53],[-51.57,-0.53],[-51.56,-0.53],[-51.55,-0.54],[-51.55,-0.55],[-51.57,-0.55],[-51.59,-0.55],[-51.59,-0.56],[-51.57,-0.56],[-51.56,-0.56],[-51.55,-0.55],[-51.53,-0.55],[-51.58,-0.6],[-51.63,-0.68],[-51.64,-0.68],[-51.65,-0.69],[-51.66,-0.7],[-51.7,-0.75],[-51.7,-0.76],[-51.71,-0.79],[-51.72,-0.88],[-51.71,-0.98],[-51.71,-1.01],[-51.71,-1.02],[-51.72,-1.03],[-51.72,-1.04],[-51.73,-1.05],[-51.75,-1.06],[-51.78,-1.08],[-51.8,-1.09],[-51.82,-1.12],[-51.83,-1.13],[-51.91,-1.16],[-51.93,-1.18],[-51.93,-1.22],[-51.92,-1.31],[-51.92,-1.33],[-51.93,-1.34],[-51.96,-1.36],[-52.0,-1.4],[-52.01,-1.4],[-52.07,-1.41],[-52.09,-1.4],[-52.15,-1.38],[-52.17,-1.37],[-52.18,-1.36],[-52.2,-1.34],[-52.21,-1.34],[-52.24,-1.35],[-52.25,-1.35],[-52.28,-1.38],[-52.29,-1.39],[-52.31,-1.39],[-52.33,-1.41],[-52.4,-1.42],[-52.42,-1.43],[-52.44,-1.44],[-52.46,-1.46],[-52.46,-1.47],[-52.48,-1.48],[-52.56,-1.52],[-52.58,-1.52],[-52.62,-1.53],[-52.68,-1.54],[-52.7,-1.55],[-52.71,-1.56],[-52.71,-1.57],[-52.71,-1.58],[-52.71,-1.59],[-52.71,-1.6],[-52.7,-1.6],[-52.69,-1.6],[-52.68,-1.59],[-52.66,-1.59],[-52.6,-1.57],[-52.42,-1.57],[-52.34,-1.55],[-52.33,-1.55],[-52.29,-1.52],[-52.28,-1.52],[-52.26,-1.53],[-52.25,-1.54],[-52.24,-1.56],[-52.24,-1.59],[-52.23,-1.59],[-52.23,-1.6],[-52.23,-1.61],[-52.24,-1.63],[-52.25,-1.64],[-52.26,-1.66],[-52.26,-1.68],[-52.26,-1.7],[-52.25,-1.7],[-52.22,-1.69],[-52.21,-1.69],[-52.2,-1.69],[-52.2,-1.68],[-52.2,-1.67],[-52.16,-1.63],[-52.14,-1.62],[-52.12,-1.62],[-52.08,-1.62],[-52.07,-1.62],[-52.06,-1.61],[-52.05,-1.61],[-52.04,-1.61],[-52.02,-1.61],[-52.0,-1.61],[-51.96,-1.59],[-51.91,-1.57],[-51.67,-1.4],[-51.6,-1.39],[-51.58,-1.38],[-51.56,-1.37],[-51.48,-1.34],[-51.46,-1.33],[-51.44,-1.31],[-51.42,-1.29],[-51.41,-1.27],[-51.4,-1.25],[-51.38,-1.24],[-51.33,-1.23],[-51.33,-1.24],[-51.34,-1.24],[-51.34,-1.25],[-51.35,-1.26],[-51.33,-1.25],[-51.31,-1.24],[-51.28,-1.23],[-51.27,-1.22],[-51.25,-1.2],[-51.23,-1.16],[-51.21,-1.14],[-51.19,-1.12],[-51.16,-1.1],[-51.03,-1.04],[-51.0,-1.01],[-50.99,-0.99],[-51.0,-0.97],[-51.01,-0.95],[-51.01,-0.94],[-51.0,-0.92],[-50.98,-0.92],[-50.96,-0.95],[-50.94,-0.96],[-50.94,-0.95],[-50.95,-0.94],[-50.95,-0.93],[-50.95,-0.92],[-50.94,-0.91],[-50.93,-0.91],[-50.88,-0.91],[-50.85,-0.91],[-50.84,-0.91],[-50.83,-0.92],[-50.82,-0.94],[-50.82,-0.95],[-50.83,-0.98],[-50.82,-1.03],[-50.83,-1.05],[-50.83,-1.06],[-50.84,-1.07],[-50.86,-1.07],[-50.87,-1.08],[-50.89,-1.11],[-50.9,-1.12],[-50.91,-1.13],[-50.93,-1.13],[-50.96,-1.13],[-50.85,-1.2],[-50.83,-1.21],[-50.82,-1.23],[-50.82,-1.25],[-50.83,-1.31],[-50.83,-1.37],[-50.82,-1.38],[-50.81,-1.39],[-50.81,-1.4],[-50.81,-1.41],[-50.82,-1.42],[-50.82,-1.44],[-50.81,-1.46],[-50.78,-1.5],[-50.77,-1.54],[-50.75,-1.56],[-50.69,-1.61],[-50.68,-1.63],[-50.67,-1.7],[-50.66,-1.72],[-50.65,-1.74],[-50.67,-1.76],[-50.69,-1.77],[-50.74,-1.74],[-50.73,-1.76],[-50.72,-1.77],[-50.71,-1.79],[-50.72,-1.82],[-50.74,-1.83],[-50.76,-1.85],[-50.77,-1.86],[-50.77,-1.88],[-50.79,-1.9],[-50.81,-1.9],[-50.84,-1.88],[-50.86,-1.87],[-50.88,-1.85],[-50.89,-1.87],[-50.89,-1.88],[-50.88,-1.88],[-50.87,-1.9],[-50.85,-1.91],[-50.85,-1.93],[-50.84,-1.96],[-50.83,-1.96],[-50.82,-1.97],[-50.82,-1.95],[-50.83,-1.93],[-50.82,-1.92],[-50.79,-1.93],[-50.74,-1.92],[-50.71,-1.91],[-50.7,-1.91],[-50.7,-1.89],[-50.7,-1.87],[-50.7,-1.85],[-50.69,-1.84],[-50.68,-1.83],[-50.67,-1.81],[-50.66,-1.8],[-50.63,-1.81],[-50.61,-1.81],[-50.59,-1.84],[-50.57,-1.89],[-50.55,-1.91],[-50.52,-1.92],[-50.5,-1.93],[-50.49,-1.93],[-50.48,-1.93],[-50.47,-1.93],[-50.46,-1.94],[-50.47,-1.95],[-50.48,-1.97],[-50.48,-1.98],[-50.47,-1.97],[-50.46,-1.94],[-50.44,-1.94],[-50.44,-1.95],[-50.44,-1.96],[-50.45,-1.97],[-50.46,-1.98],[-50.45,-1.99],[-50.44,-2.01],[-50.44,-2.05],[-50.43,-2.06],[-50.42,-2.07],[-50.41,-2.05],[-50.4,-2.04],[-50.39,-2.03],[-50.38,-2.02],[-50.38,-2.01],[-50.38,-2.0],[-50.37,-1.99],[-50.37,-1.97],[-50.36,-1.96],[-50.34,-1.94],[-50.31,-1.91],[-50.28,-1.89],[-50.25,-1.9],[-50.23,-1.9],[-50.21,-1.9],[-50.18,-1.9],[-50.16,-1.92],[-50.15,-1.88],[-50.14,-1.86],[-50.11,-1.85],[-50.02,-1.83],[-50.0,-1.82],[-49.98,-1.83],[-49.95,-1.83],[-49.93,-1.84],[-49.88,-1.88],[-49.87,-1.89],[-49.87,-1.91],[-49.87,-1.92],[-49.89,-1.96],[-49.87,-1.94],[-49.86,-1.92],[-49.85,-1.94],[-49.85,-1.96],[-49.85,-1.98],[-49.85,-2.0],[-49.86,-2.03],[-49.88,-2.07],[-49.89,-2.09],[-49.88,-2.09],[-49.86,-2.05],[-49.85,-2.05],[-49.85,-2.06],[-49.84,-2.08],[-49.82,-2.1],[-49.81,-2.11],[-49.83,-2.06],[-49.84,-2.0],[-49.84,-1.93],[-49.85,-1.91],[-49.85,-1.9],[-49.83,-1.91],[-49.83,-1.92],[-49.83,-1.95],[-49.82,-1.93],[-49.82,-1.91],[-49.81,-1.9],[-49.78,-1.9],[-49.76,-1.9],[-49.75,-1.9],[-49.74,-1.92],[-49.72,-1.93],[-49.73,-1.91],[-49.72,-1.9],[-49.71,-1.91],[-49.7,-1.92],[-49.69,-1.91],[-49.68,-1.91],[-49.65,-1.92],[-49.62,-1.95],[-49.6,-1.97],[-49.59,-1.99],[-49.59,-2.01],[-49.58,-1.99],[-49.59,-1.96],[-49.63,-1.91],[-49.65,-1.92],[-49.65,-1.91],[-49.65,-1.9],[-49.63,-1.87],[-49.6,-1.84],[-49.56,-1.84],[-49.54,-1.86],[-49.52,-1.8],[-49.51,-1.78],[-49.49,-1.76],[-49.47,-1.76],[-49.46,-1.78],[-49.46,-1.81],[-49.45,-1.8],[-49.44,-1.78],[-49.42,-1.78],[-49.43,-1.8],[-49.45,-1.82],[-49.46,-1.84],[-49.45,-1.86],[-49.45,-1.87],[-49.43,-1.88],[-49.41,-1.89],[-49.38,-1.9],[-49.37,-1.91],[-49.37,-1.93],[-49.37,-1.94],[-49.38,-1.96],[-49.38,-1.97],[-49.39,-1.98],[-49.39,-1.99],[-49.38,-1.99],[-49.39,-2.01],[-49.41,-2.03],[-49.42,-2.04],[-49.43,-2.05],[-49.43,-2.13],[-49.43,-2.14],[-49.44,-2.16],[-49.45,-2.18],[-49.45,-2.19],[-49.46,-2.2],[-49.47,-2.2],[-49.5,-2.25],[-49.5,-2.26],[-49.5,-2.31],[-49.51,-2.32],[-49.51,-2.33],[-49.52,-2.33],[-49.52,-2.34],[-49.53,-2.35],[-49.53,-2.37],[-49.53,-2.38],[-49.55,-2.4],[-49.55,-2.41],[-49.55,-2.42],[-49.55,-2.44],[-49.54,-2.5],[-49.55,-2.52],[-49.61,-2.6],[-49.62,-2.62],[-49.64,-2.62],[-49.66,-2.63],[-49.68,-2.65],[-49.69,-2.67],[-49.66,-2.68],[-49.62,-2.67],[-49.54,-2.64],[-49.53,-2.63],[-49.52,-2.62],[-49.52,-2.6],[-49.52,-2.58],[-49.51,-2.57],[-49.49,-2.56],[-49.48,-2.56],[-49.48,-2.54],[-49.48,-2.53],[-49.45,-2.51],[-49.44,-2.49],[-49.44,-2.47],[-49.43,-2.45],[-49.44,-2.41],[-49.44,-2.4],[-49.43,-2.37],[-49.33,-2.2],[-49.31,-2.16],[-49.31,-2.12],[-49.3,-2.1],[-49.3,-2.09],[-49.23,-1.95],[-49.2,-1.91],[-49.18,-1.88],[-49.17,-1.88],[-49.16,-1.88],[-49.15,-1.86],[-49.14,-1.84],[-49.13,-1.8],[-49.12,-1.77],[-49.09,-1.75],[-49.05,-1.72],[-49.01,-1.68],[-48.99,-1.64],[-48.97,-1.6],[-48.93,-1.59],[-48.9,-1.58],[-48.88,-1.57],[-48.86,-1.56],[-48.86,-1.57],[-48.88,-1.59],[-48.89,-1.6],[-48.9,-1.62],[-48.9,-1.64],[-48.91,-1.67],[-48.93,-1.69],[-48.94,-1.69],[-48.94,-1.7],[-48.95,-1.7],[-48.94,-1.72],[-48.94,-1.74],[-48.96,-1.77],[-48.97,-1.79],[-49.0,-1.79],[-49.01,-1.81],[-49.02,-1.83],[-49.03,-1.84],[-49.03,-1.85],[-49.02,-1.85],[-49.0,-1.84],[-48.99,-1.83],[-48.98,-1.81],[-48.96,-1.8],[-48.93,-1.79],[-48.92,-1.76],[-48.91,-1.74],[-48.9,-1.73],[-48.89,-1.72],[-48.88,-1.72],[-48.88,-1.71],[-48.89,-1.69],[-48.88,-1.68],[-48.86,-1.67],[-48.85,-1.66],[-48.85,-1.65],[-48.85,-1.64],[-48.84,-1.64],[-48.83,-1.64],[-48.82,-1.64],[-48.81,-1.63],[-48.81,-1.62],[-48.74,-1.51],[-48.74,-1.5],[-48.73,-1.49],[-48.72,-1.49],[-48.7,-1.48],[-48.7,-1.47],[-48.7,-1.46],[-48.68,-1.42],[-48.66,-1.38],[-48.64,-1.39],[-48.63,-1.41],[-48.62,-1.43],[-48.61,-1.46],[-48.58,-1.51],[-48.56,-1.53],[-48.55,-1.54],[-48.54,-1.57],[-48.54,-1.58],[-48.52,-1.58],[-48.5,-1.61],[-48.49,-1.62],[-48.47,-1.62],[-48.45,-1.63],[-48.44,-1.64],[-48.43,-1.65],[-48.43,-1.66],[-48.42,-1.65],[-48.42,-1.63],[-48.43,-1.61],[-48.43,-1.59],[-48.44,-1.57],[-48.48,-1.54],[-48.48,-1.51],[-48.46,-1.52],[-48.45,-1.53],[-48.43,-1.52],[-48.38,-1.51],[-48.36,-1.5],[-48.34,-1.49],[-48.33,-1.47],[-48.37,-1.47],[-48.38,-1.47],[-48.39,-1.47],[-48.4,-1.46],[-48.41,-1.46],[-48.42,-1.47],[-48.43,-1.47],[-48.46,-1.47],[-48.48,-1.47],[-48.5,-1.46],[-48.5,-1.45],[-48.5,-1.43],[-48.5,-1.41],[-48.49,-1.33],[-48.48,-1.28],[-48.45,-1.24],[-48.44,-1.22],[-48.42,-1.23],[-48.43,-1.27],[-48.43,-1.3],[-48.41,-1.3],[-48.34,-1.32],[-48.33,-1.31],[-48.33,-1.29],[-48.33,-1.28],[-48.32,-1.23],[-48.31,-1.19],[-48.28,-1.17],[-48.25,-1.19],[-48.26,-1.17],[-48.27,-1.16],[-48.28,-1.15],[-48.27,-1.13],[-48.28,-1.13],[-48.27,-1.12],[-48.26,-1.13],[-48.25,-1.12],[-48.24,-1.12],[-48.22,-1.11],[-48.23,-1.11],[-48.25,-1.11],[-48.27,-1.11],[-48.28,-1.11],[-48.29,-1.08],[-48.3,-1.06],[-48.29,-1.04],[-48.28,-1.04],[-48.23,-1.04],[-48.21,-1.04],[-48.2,-1.03],[-48.19,-1.02],[-48.19,-1.01],[-48.18,-1.0],[-48.18,-0.99],[-48.18,-0.98],[-48.16,-0.96],[-48.16,-0.94],[-48.15,-0.91],[-48.14,-0.91],[-48.14,-0.9],[-48.15,-0.89],[-48.15,-0.88],[-48.14,-0.85],[-48.14,-0.84],[-48.14,-0.83],[-48.15,-0.83],[-48.16,-0.82],[-48.16,-0.8],[-48.15,-0.78],[-48.11,-0.72],[-48.04,-0.66],[-48.03,-0.68],[-48.02,-0.68],[-48.02,-0.7],[-48.02,-0.72],[-48.02,-0.73],[-48.01,-0.73],[-48.0,-0.75],[-47.97,-0.78],[-47.96,-0.78],[-47.95,-0.74],[-47.88,-0.7],[-47.87,-0.67],[-47.85,-0.67],[-47.82,-0.68],[-47.8,-0.69],[-47.81,-0.68],[-47.82,-0.66],[-47.83,-0.64],[-47.82,-0.61],[-47.82,-0.59],[-47.81,-0.57],[-47.79,-0.58],[-47.78,-0.6],[-47.77,-0.62],[-47.77,-0.64],[-47.75,-0.63],[-47.73,-0.64],[-47.72,-0.67],[-47.72,-0.71],[-47.72,-0.72],[-47.74,-0.74],[-47.74,-0.75],[-47.74,-0.76],[-47.73,-0.76],[-47.65,-0.72],[-47.63,-0.71],[-47.61,-0.69],[-47.6,-0.68],[-47.59,-0.64],[-47.58,-0.64],[-47.59,-0.61],[-47.58,-0.58],[-47.57,-0.58],[-47.56,-0.59],[-47.54,-0.61],[-47.54,-0.63],[-47.53,-0.64],[-47.53,-0.65],[-47.53,-0.66],[-47.52,-0.67],[-47.52,-0.68],[-47.51,-0.69],[-47.49,-0.71],[-47.49,-0.73],[-47.49,-0.75],[-47.5,-0.76],[-47.42,-0.76],[-47.41,-0.77],[-47.41,-0.8],[-47.39,-0.81],[-47.39,-0.8],[-47.39,-0.79],[-47.39,-0.78],[-47.38,-0.77],[-47.39,-0.76],[-47.39,-0.75],[-47.41,-0.74],[-47.44,-0.7],[-47.45,-0.7],[-47.45,-0.71],[-47.45,-0.72],[-47.46,-0.72],[-47.47,-0.73],[-47.47,-0.62],[-47.46,-0.61],[-47.45,-0.61],[-47.46,-0.59],[-47.45,-0.59],[-47.43,-0.58],[-47.41,-0.58],[-47.4,-0.59],[-47.4,-0.6],[-47.41,-0.61],[-47.41,-0.63],[-47.41,-0.66],[-47.41,-0.68],[-47.41,-0.67],[-47.41,-0.66],[-47.4,-0.65],[-47.39,-0.65],[-47.39,-0.66],[-47.39,-0.67],[-47.38,-0.68],[-47.37,-0.68],[-47.37,-0.67],[-47.38,-0.66],[-47.38,-0.65],[-47.37,-0.63],[-47.36,-0.63],[-47.35,-0.64],[-47.32,-0.65],[-47.33,-0.64],[-47.33,-0.63],[-47.34,-0.62],[-47.35,-0.61],[-47.33,-0.61],[-47.32,-0.61],[-47.31,-0.6],[-47.29,-0.59],[-47.28,-0.6],[-47.28,-0.61],[-47.28,-0.63],[-47.28,-0.65],[-47.27,-0.65],[-47.26,-0.64],[-47.25,-0.65],[-47.25,-0.66],[-47.26,-0.68],[-47.24,-0.66],[-47.23,-0.65],[-47.24,-0.64],[-47.24,-0.62],[-47.2,-0.65],[-47.19,-0.66],[-47.2,-0.68],[-47.21,-0.68],[-47.22,-0.67],[-47.23,-0.68],[-47.23,-0.69],[-47.24,-0.69],[-47.25,-0.7],[-47.24,-0.72],[-47.23,-0.72],[-47.22,-0.7],[-47.21,-0.7],[-47.19,-0.7],[-47.17,-0.71],[-47.17,-0.7],[-47.17,-0.69],[-47.16,-0.68],[-47.15,-0.7],[-47.15,-0.71],[-47.16,-0.73],[-47.17,-0.74],[-47.17,-0.75],[-47.19,-0.76],[-47.19,-0.77],[-47.18,-0.77],[-47.17,-0.76],[-47.16,-0.76],[-47.15,-0.77],[-47.14,-0.79],[-47.14,-0.8],[-47.13,-0.78],[-47.14,-0.76],[-47.14,-0.74],[-47.13,-0.73],[-47.12,-0.74],[-47.12,-0.75],[-47.12,-0.74],[-47.12,-0.73],[-47.12,-0.72],[-47.12,-0.71],[-47.11,-0.7],[-47.1,-0.67],[-47.09,-0.66],[-47.08,-0.67],[-47.07,-0.68],[-47.07,-0.69],[-47.08,-0.7],[-47.07,-0.7],[-47.08,-0.71],[-47.08,-0.74],[-47.08,-0.75],[-47.08,-0.76],[-47.07,-0.74],[-47.07,-0.76],[-47.06,-0.78],[-47.06,-0.79],[-47.04,-0.79],[-47.05,-0.8],[-47.07,-0.82],[-47.08,-0.83],[-47.08,-0.84],[-47.06,-0.86],[-47.06,-0.87],[-47.05,-0.86],[-47.05,-0.82],[-47.05,-0.81],[-47.04,-0.8],[-47.04,-0.79],[-47.03,-0.79],[-47.02,-0.79],[-47.02,-0.77],[-47.02,-0.76],[-47.01,-0.76],[-46.99,-0.76],[-46.98,-0.75],[-46.98,-0.73],[-46.97,-0.7],[-46.96,-0.71],[-46.96,-0.74],[-46.97,-0.79],[-46.96,-0.79],[-46.95,-0.77],[-46.95,-0.78],[-46.94,-0.78],[-46.94,-0.79],[-46.95,-0.8],[-46.93,-0.8],[-46.94,-0.82],[-46.94,-0.83],[-46.93,-0.82],[-46.92,-0.83],[-46.93,-0.84],[-46.94,-0.85],[-46.95,-0.85],[-46.96,-0.87],[-46.97,-0.88],[-46.96,-0.89],[-46.95,-0.9],[-46.95,-0.88],[-46.95,-0.87],[-46.95,-0.86],[-46.93,-0.85],[-46.91,-0.86],[-46.9,-0.86],[-46.9,-0.84],[-46.89,-0.85],[-46.89,-0.83],[-46.89,-0.79],[-46.88,-0.79],[-46.88,-0.8],[-46.87,-0.8],[-46.87,-0.81],[-46.86,-0.81],[-46.86,-0.8],[-46.85,-0.8],[-46.85,-0.79],[-46.86,-0.79],[-46.86,-0.78],[-46.87,-0.78],[-46.86,-0.77],[-46.83,-0.73],[-46.82,-0.72],[-46.83,-0.71],[-46.82,-0.71],[-46.81,-0.72],[-46.8,-0.73],[-46.8,-0.74],[-46.81,-0.74],[-46.81,-0.75],[-46.81,-0.76],[-46.8,-0.76],[-46.81,-0.77],[-46.82,-0.77],[-46.82,-0.78],[-46.81,-0.78],[-46.81,-0.79],[-46.82,-0.8],[-46.83,-0.8],[-46.83,-0.81],[-46.82,-0.81],[-46.82,-0.82],[-46.82,-0.83],[-46.81,-0.83],[-46.8,-0.83],[-46.8,-0.82],[-46.8,-0.81],[-46.79,-0.81],[-46.8,-0.86],[-46.8,-0.87],[-46.79,-0.89],[-46.78,-0.9],[-46.78,-0.89],[-46.78,-0.87],[-46.79,-0.86],[-46.78,-0.85],[-46.77,-0.85],[-46.77,-0.87],[-46.76,-0.86],[-46.76,-0.85],[-46.76,-0.82],[-46.75,-0.83],[-46.72,-0.86],[-46.71,-0.88],[-46.72,-0.89],[-46.75,-0.94],[-46.73,-0.93],[-46.71,-0.89],[-46.7,-0.88],[-46.7,-0.87],[-46.7,-0.84],[-46.69,-0.83],[-46.67,-0.83],[-46.66,-0.84],[-46.66,-0.86],[-46.64,-0.87],[-46.63,-0.86],[-46.64,-0.85],[-46.66,-0.81],[-46.66,-0.8],[-46.64,-0.8],[-46.61,-0.81],[-46.6,-0.87],[-46.62,-0.9],[-46.63,-0.91],[-46.62,-0.91],[-46.61,-0.9],[-46.61,-0.91],[-46.61,-0.92],[-46.62,-0.94],[-46.63,-0.94],[-46.65,-0.95],[-46.66,-0.94],[-46.66,-0.92],[-46.67,-0.92],[-46.67,-0.94],[-46.68,-0.95],[-46.72,-0.97],[-46.74,-0.98],[-46.75,-1.0],[-46.75,-1.02],[-46.74,-1.0],[-46.72,-0.98],[-46.7,-0.97],[-46.68,-0.96],[-46.68,-0.97],[-46.65,-0.97],[-46.63,-0.96],[-46.61,-0.96],[-46.58,-0.97],[-46.56,-0.95],[-46.56,-0.93],[-46.55,-0.91],[-46.52,-0.9],[-46.5,-0.88],[-46.49,-0.88],[-46.48,-0.88],[-46.47,-0.88],[-46.45,-0.87],[-46.43,-0.87],[-46.42,-0.88],[-46.42,-0.89],[-46.44,-0.9],[-46.46,-0.91],[-46.48,-0.92],[-46.47,-0.94],[-46.48,-0.95],[-46.49,-0.96],[-46.49,-0.98],[-46.47,-0.99],[-46.48,-1.01],[-46.48,-1.02],[-46.47,-1.02],[-46.46,-1.03],[-46.48,-1.05],[-46.46,-1.05],[-46.45,-1.04],[-46.44,-1.04],[-46.44,-1.03],[-46.44,-1.02],[-46.43,-1.03],[-46.41,-1.04],[-46.39,-1.03],[-46.38,-1.01],[-46.36,-1.01],[-46.37,-1.03],[-46.37,-1.05],[-46.36,-1.07],[-46.36,-1.08],[-46.35,-1.07],[-46.35,-1.05],[-46.35,-1.03],[-46.33,-1.02],[-46.32,-1.02],[-46.32,-1.04],[-46.32,-1.07],[-46.32,-1.08],[-46.32,-1.1],[-46.32,-1.11],[-46.31,-1.1],[-46.3,-1.08],[-46.3,-1.06],[-46.3,-1.03],[-46.29,-1.03],[-46.28,-1.05],[-46.26,-1.08],[-46.25,-1.09],[-46.25,-1.08],[-46.27,-1.05],[-46.28,-1.04],[-46.28,-1.03],[-46.28,-1.02],[-46.26,-1.02],[-46.27,-1.01],[-46.28,-1.0],[-46.28,-0.99],[-46.27,-0.97],[-46.26,-0.95],[-46.25,-0.93],[-46.23,-0.92],[-46.2,-0.91],[-46.17,-0.92],[-46.17,-0.96],[-46.18,-0.96],[-46.19,-0.96],[-46.2,-0.98],[-46.22,-1.0],[-46.22,-1.01],[-46.21,-1.01],[-46.2,-1.01],[-46.2,-1.02],[-46.21,-1.02],[-46.21,-1.03],[-46.21,-1.04],[-46.22,-1.05],[-46.22,-1.06],[-46.21,-1.07],[-46.26,-1.18],[-46.23,-1.15],[-46.22,-1.14],[-46.21,-1.14],[-46.2,-1.15],[-46.18,-1.15],[-46.17,-1.15],[-46.16,-1.13],[-46.15,-1.11],[-46.14,-1.11],[-46.14,-1.13],[-46.14,-1.16],[-46.15,-1.18],[-46.13,-1.16],[-46.13,-1.15],[-46.13,-1.1],[-46.12,-1.1],[-46.12,-1.09],[-46.11,-1.08],[-46.1,-1.07],[-46.09,-1.08],[-46.09,-1.09],[-46.08,-1.1],[-46.07,-1.13],[-46.06,-1.15],[-46.07,-1.16],[-46.09,-1.16],[-46.09,-1.18],[-46.1,-1.2],[-46.08,-1.21],[-46.07,-1.2],[-46.06,-1.19],[-46.05,-1.16],[-46.04,-1.18],[-46.04,-1.19],[-46.04,-1.2],[-46.05,-1.21],[-46.03,-1.2],[-46.03,-1.18],[-46.03,-1.17],[-46.04,-1.15],[-46.03,-1.14],[-46.02,-1.13],[-46.02,-1.11],[-46.02,-1.09],[-46.01,-1.09],[-46.01,-1.1],[-46.0,-1.11],[-45.99,-1.1],[-45.99,-1.08],[-45.99,-1.07],[-45.98,-1.06],[-45.96,-1.06],[-45.96,-1.07],[-45.96,-1.09],[-45.97,-1.09],[-45.96,-1.11],[-45.97,-1.11],[-45.98,-1.12],[-45.98,-1.14],[-45.97,-1.14],[-45.96,-1.14],[-45.95,-1.14],[-45.96,-1.15],[-46.0,-1.15],[-46.0,-1.19],[-46.0,-1.2],[-45.99,-1.2],[-45.97,-1.21],[-45.96,-1.21],[-45.96,-1.22],[-45.96,-1.24],[-45.95,-1.25],[-45.94,-1.25],[-45.93,-1.24],[-45.93,-1.23],[-45.94,-1.22],[-45.93,-1.22],[-45.93,-1.2],[-45.92,-1.17],[-45.91,-1.14],[-45.89,-1.09],[-45.87,-1.06],[-45.85,-1.07],[-45.85,-1.1],[-45.89,-1.14],[-45.89,-1.15],[-45.9,-1.17],[-45.91,-1.17],[-45.91,-1.2],[-45.91,-1.21],[-45.9,-1.18],[-45.89,-1.17],[-45.88,-1.16],[-45.88,-1.18],[-45.89,-1.18],[-45.87,-1.2],[-45.88,-1.22],[-45.89,-1.24],[-45.9,-1.26],[-45.87,-1.24],[-45.86,-1.23],[-45.86,-1.24],[-45.87,-1.24],[-45.86,-1.25],[-45.86,-1.26],[-45.87,-1.26],[-45.88,-1.28],[-45.89,-1.28],[-45.86,-1.27],[-45.85,-1.26],[-45.84,-1.23],[-45.84,-1.2],[-45.83,-1.22],[-45.82,-1.24],[-45.82,-1.26],[-45.83,-1.27],[-45.84,-1.28],[-45.83,-1.3],[-45.82,-1.32],[-45.81,-1.33],[-45.82,-1.3],[-45.81,-1.28],[-45.79,-1.27],[-45.78,-1.28],[-45.77,-1.26],[-45.77,-1.23],[-45.76,-1.21],[-45.75,-1.2],[-45.72,-1.13],[-45.7,-1.13],[-45.7,-1.16],[-45.73,-1.23],[-45.73,-1.25],[-45.72,-1.24],[-45.7,-1.22],[-45.69,-1.2],[-45.68,-1.21],[-45.68,-1.23],[-45.67,-1.24],[-45.68,-1.26],[-45.66,-1.27],[-45.65,-1.27],[-45.66,-1.29],[-45.65,-1.3],[-45.65,-1.32],[-45.66,-1.33],[-45.66,-1.35],[-45.67,-1.35],[-45.68,-1.37],[-45.64,-1.37],[-45.63,-1.37],[-45.62,-1.36],[-45.62,-1.35],[-45.61,-1.33],[-45.61,-1.32],[-45.62,-1.31],[-45.62,-1.3],[-45.62,-1.28],[-45.61,-1.28],[-45.6,-1.27],[-45.58,-1.27],[-45.58,-1.28],[-45.58,-1.29],[-45.6,-1.29],[-45.59,-1.29],[-45.59,-1.3],[-45.58,-1.3],[-45.59,-1.31],[-45.59,-1.32],[-45.58,-1.33],[-45.56,-1.28],[-45.54,-1.27],[-45.53,-1.28],[-45.54,-1.28],[-45.55,-1.29],[-45.55,-1.3],[-45.55,-1.31],[-45.54,-1.31],[-45.53,-1.31],[-45.54,-1.32],[-45.55,-1.33],[-45.55,-1.34],[-45.55,-1.35],[-45.54,-1.35],[-45.54,-1.34],[-45.53,-1.32],[-45.52,-1.31],[-45.51,-1.35],[-45.51,-1.36],[-45.52,-1.39],[-45.53,-1.4],[-45.53,-1.42],[-45.51,-1.4],[-45.47,-1.35],[-45.47,-1.34],[-45.47,-1.33],[-45.47,-1.32],[-45.46,-1.31],[-45.45,-1.31],[-45.42,-1.29],[-45.45,-1.29],[-45.43,-1.29],[-45.42,-1.29],[-45.41,-1.3],[-45.41,-1.32],[-45.41,-1.33],[-45.41,-1.34],[-45.41,-1.35],[-45.42,-1.35],[-45.44,-1.35],[-45.44,-1.36],[-45.46,-1.36],[-45.47,-1.37],[-45.47,-1.38],[-45.47,-1.39],[-45.47,-1.4],[-45.48,-1.43],[-45.49,-1.45],[-45.48,-1.46],[-45.5,-1.46],[-45.52,-1.46],[-45.54,-1.49],[-45.53,-1.49],[-45.52,-1.48],[-45.52,-1.46],[-45.5,-1.47],[-45.5,-1.48],[-45.5,-1.49],[-45.51,-1.5],[-45.5,-1.51],[-45.49,-1.5],[-45.48,-1.49],[-45.46,-1.5],[-45.46,-1.52],[-45.46,-1.53],[-45.46,-1.55],[-45.45,-1.53],[-45.45,-1.51],[-45.45,-1.46],[-45.45,-1.45],[-45.44,-1.44],[-45.43,-1.43],[-45.42,-1.43],[-45.42,-1.45],[-45.43,-1.46],[-45.42,-1.46],[-45.41,-1.45],[-45.4,-1.44],[-45.39,-1.41],[-45.38,-1.39],[-45.36,-1.35],[-45.35,-1.34],[-45.36,-1.32],[-45.35,-1.31],[-45.33,-1.31],[-45.31,-1.33],[-45.31,-1.34],[-45.3,-1.42],[-45.31,-1.41],[-45.32,-1.44],[-45.34,-1.45],[-45.37,-1.47],[-45.39,-1.48],[-45.39,-1.49],[-45.38,-1.48],[-45.37,-1.47],[-45.36,-1.47],[-45.35,-1.48],[-45.36,-1.49],[-45.37,-1.5],[-45.37,-1.52],[-45.37,-1.54],[-45.38,-1.54],[-45.39,-1.55],[-45.4,-1.56],[-45.39,-1.58],[-45.39,-1.56],[-45.38,-1.56],[-45.39,-1.55],[-45.35,-1.56],[-45.34,-1.58],[-45.34,-1.61],[-45.36,-1.65],[-45.36,-1.67],[-45.37,-1.68],[-45.36,-1.7],[-45.36,-1.72],[-45.35,-1.73],[-45.34,-1.74],[-45.32,-1.74],[-45.28,-1.73],[-45.27,-1.72],[-45.28,-1.7],[-45.26,-1.7],[-45.23,-1.68],[-45.22,-1.67],[-45.23,-1.66],[-45.25,-1.62],[-45.26,-1.61],[-45.25,-1.58],[-45.23,-1.55],[-45.2,-1.53],[-45.18,-1.53],[-45.18,-1.5],[-45.16,-1.48],[-45.15,-1.48],[-45.14,-1.5],[-45.13,-1.5],[-45.13,-1.49],[-45.12,-1.48],[-45.1,-1.47],[-45.09,-1.46],[-45.08,-1.47],[-45.08,-1.48],[-45.1,-1.48],[-45.08,-1.48],[-45.07,-1.47],[-45.07,-1.45],[-45.06,-1.43],[-45.06,-1.47],[-45.06,-1.48],[-45.05,-1.48],[-45.04,-1.49],[-45.03,-1.49],[-45.02,-1.49],[-45.01,-1.49],[-45.0,-1.51],[-45.0,-1.52],[-45.02,-1.52],[-45.01,-1.53],[-45.0,-1.54],[-44.98,-1.54],[-44.97,-1.55],[-44.98,-1.56],[-45.01,-1.57],[-45.02,-1.58],[-45.02,-1.6],[-45.01,-1.58],[-45.0,-1.58],[-44.97,-1.59],[-44.97,-1.58],[-44.97,-1.56],[-44.96,-1.55],[-44.95,-1.53],[-44.95,-1.5],[-44.95,-1.49],[-44.93,-1.49],[-44.93,-1.48],[-44.92,-1.47],[-44.9,-1.46],[-44.88,-1.44],[-44.87,-1.43],[-44.87,-1.42],[-44.86,-1.43],[-44.85,-1.44],[-44.85,-1.45],[-44.85,-1.48],[-44.86,-1.49],[-44.88,-1.5],[-44.89,-1.5],[-44.89,-1.51],[-44.9,-1.53],[-44.91,-1.55],[-44.92,-1.56],[-44.92,-1.58],[-44.91,-1.6],[-44.93,-1.6],[-44.94,-1.6],[-44.95,-1.6],[-44.94,-1.61],[-44.92,-1.63],[-44.92,-1.65],[-44.93,-1.66],[-44.92,-1.66],[-44.91,-1.65],[-44.9,-1.62],[-44.9,-1.61],[-44.89,-1.6],[-44.87,-1.61],[-44.86,-1.63],[-44.85,-1.64],[-44.83,-1.63],[-44.85,-1.63],[-44.85,-1.62],[-44.85,-1.6],[-44.84,-1.59],[-44.84,-1.58],[-44.84,-1.57],[-44.82,-1.58],[-44.81,-1.59],[-44.81,-1.61],[-44.81,-1.63],[-44.8,-1.61],[-44.8,-1.6],[-44.79,-1.62],[-44.8,-1.63],[-44.81,-1.64],[-44.81,-1.65],[-44.81,-1.66],[-44.79,-1.67],[-44.78,-1.68],[-44.79,-1.68],[-44.8,-1.7],[-44.8,-1.71],[-44.78,-1.72],[-44.77,-1.72],[-44.79,-1.74],[-44.8,-1.75],[-44.81,-1.75],[-44.82,-1.75],[-44.82,-1.76],[-44.82,-1.77],[-44.77,-1.74],[-44.77,-1.73],[-44.78,-1.7],[-44.74,-1.72],[-44.72,-1.72],[-44.71,-1.72],[-44.72,-1.75],[-44.75,-1.77],[-44.81,-1.81],[-44.8,-1.81],[-44.76,-1.8],[-44.74,-1.8],[-44.73,-1.79],[-44.72,-1.79],[-44.72,-1.8],[-44.71,-1.81],[-44.68,-1.81],[-44.66,-1.79],[-44.65,-1.75],[-44.65,-1.72],[-44.6,-1.74],[-44.61,-1.75],[-44.63,-1.76],[-44.63,-1.78],[-44.64,-1.79],[-44.64,-1.81],[-44.64,-1.82],[-44.64,-1.83],[-44.66,-1.83],[-44.66,-1.84],[-44.65,-1.84],[-44.63,-1.83],[-44.62,-1.83],[-44.61,-1.83],[-44.61,-1.84],[-44.6,-1.84],[-44.6,-1.85],[-44.59,-1.84],[-44.59,-1.83],[-44.58,-1.82],[-44.57,-1.81],[-44.57,-1.82],[-44.56,-1.83],[-44.57,-1.84],[-44.58,-1.85],[-44.57,-1.86],[-44.56,-1.85],[-44.55,-1.84],[-44.54,-1.83],[-44.53,-1.83],[-44.53,-1.84],[-44.52,-1.85],[-44.54,-1.86],[-44.58,-1.89],[-44.59,-1.9],[-44.57,-1.9],[-44.54,-1.89],[-44.52,-1.9],[-44.51,-1.9],[-44.51,-1.92],[-44.5,-1.94],[-44.5,-1.95],[-44.5,-1.96],[-44.49,-1.98],[-44.49,-1.99],[-44.49,-2.0],[-44.5,-2.0],[-44.5,-2.01],[-44.51,-2.02],[-44.53,-2.02],[-44.55,-2.02],[-44.56,-2.01],[-44.57,-2.02],[-44.59,-2.03],[-44.62,-2.04],[-44.61,-2.04],[-44.6,-2.04],[-44.6,-2.05],[-44.58,-2.03],[-44.56,-2.03],[-44.54,-2.03],[-44.52,-2.03],[-44.5,-2.03],[-44.5,-2.04],[-44.49,-2.05],[-44.5,-2.05],[-44.54,-2.08],[-44.55,-2.09],[-44.58,-2.12],[-44.61,-2.15],[-44.64,-2.15],[-44.65,-2.16],[-44.63,-2.16],[-44.62,-2.16],[-44.6,-2.16],[-44.59,-2.17],[-44.62,-2.19],[-44.66,-2.23],[-44.68,-2.24],[-44.71,-2.24],[-44.7,-2.24],[-44.7,-2.25],[-44.69,-2.27],[-44.73,-2.25],[-44.75,-2.25],[-44.77,-2.26],[-44.78,-2.28],[-44.8,-2.29],[-44.82,-2.28],[-44.8,-2.29],[-44.76,-2.27],[-44.72,-2.27],[-44.71,-2.3],[-44.7,-2.3],[-44.69,-2.29],[-44.68,-2.27],[-44.67,-2.27],[-44.66,-2.28],[-44.66,-2.3],[-44.67,-2.31],[-44.68,-2.32],[-44.69,-2.34],[-44.69,-2.35],[-44.7,-2.36],[-44.71,-2.37],[-44.72,-2.39],[-44.72,-2.4],[-44.71,-2.41],[-44.71,-2.4],[-44.71,-2.39],[-44.7,-2.38],[-44.67,-2.36],[-44.66,-2.36],[-44.66,-2.4],[-44.66,-2.42],[-44.65,-2.43],[-44.66,-2.42],[-44.66,-2.41],[-44.65,-2.39],[-44.64,-2.37],[-44.65,-2.37],[-44.65,-2.36],[-44.65,-2.35],[-44.65,-2.33],[-44.65,-2.31],[-44.64,-2.29],[-44.63,-2.27],[-44.58,-2.23],[-44.57,-2.22],[-44.56,-2.22],[-44.55,-2.22],[-44.54,-2.2],[-44.55,-2.2],[-44.54,-2.19],[-44.53,-2.18],[-44.5,-2.15],[-44.46,-2.14],[-44.43,-2.16],[-44.4,-2.2],[-44.39,-2.22],[-44.39,-2.24],[-44.38,-2.28],[-44.37,-2.29],[-44.36,-2.3],[-44.36,-2.31],[-44.36,-2.33],[-44.37,-2.38],[-44.38,-2.39],[-44.4,-2.4],[-44.43,-2.41],[-44.45,-2.41],[-44.47,-2.4],[-44.48,-2.4],[-44.49,-2.38],[-44.5,-2.38],[-44.51,-2.37],[-44.52,-2.37],[-44.54,-2.38],[-44.55,-2.39],[-44.56,-2.4],[-44.57,-2.42],[-44.52,-2.39],[-44.51,-2.39],[-44.5,-2.42],[-44.51,-2.47],[-44.52,-2.5],[-44.54,-2.52],[-44.55,-2.52],[-44.56,-2.52],[-44.57,-2.52],[-44.58,-2.53],[-44.59,-2.56],[-44.59,-2.57],[-44.61,-2.57],[-44.64,-2.58],[-44.66,-2.59],[-44.66,-2.61],[-44.64,-2.59],[-44.6,-2.57],[-44.58,-2.56],[-44.57,-2.55],[-44.57,-2.54],[-44.56,-2.54],[-44.55,-2.53],[-44.54,-2.54],[-44.55,-2.55],[-44.55,-2.56],[-44.56,-2.57],[-44.61,-2.67],[-44.63,-2.7],[-44.63,-2.71],[-44.63,-2.72],[-44.64,-2.74],[-44.65,-2.77],[-44.65,-2.79],[-44.65,-2.83],[-44.65,-2.85],[-44.69,-2.92],[-44.69,-2.95],[-44.69,-2.97],[-44.69,-2.98],[-44.69,-2.99],[-44.68,-3.01],[-44.66,-3.02],[-44.64,-3.02],[-44.62,-3.03],[-44.62,-3.05],[-44.64,-3.07],[-44.66,-3.08],[-44.67,-3.1],[-44.68,-3.11],[-44.69,-3.12],[-44.7,-3.13],[-44.71,-3.14],[-44.71,-3.15],[-44.72,-3.17],[-44.72,-3.18],[-44.74,-3.19],[-44.76,-3.19],[-44.78,-3.2],[-44.79,-3.21],[-44.79,-3.23],[-44.78,-3.25],[-44.77,-3.27],[-44.76,-3.29],[-44.8,-3.3],[-44.76,-3.31],[-44.75,-3.29],[-44.76,-3.24],[-44.76,-3.22],[-44.74,-3.21],[-44.73,-3.2],[-44.68,-3.19],[-44.66,-3.18],[-44.64,-3.17],[-44.63,-3.15],[-44.61,-3.11],[-44.6,-3.1],[-44.57,-3.1],[-44.53,-3.03],[-44.48,-3.01],[-44.47,-3.0],[-44.47,-2.99],[-44.43,-2.95],[-44.42,-2.93],[-44.42,-2.91],[-44.41,-2.89],[-44.41,-2.87],[-44.41,-2.83],[-44.4,-2.8],[-44.39,-2.79],[-44.4,-2.79],[-44.4,-2.78],[-44.41,-2.78],[-44.37,-2.67],[-44.36,-2.63],[-44.36,-2.64],[-44.36,-2.65],[-44.36,-2.66],[-44.35,-2.66],[-44.37,-2.55],[-44.36,-2.54],[-44.35,-2.53],[-44.33,-2.53],[-44.31,-2.53],[-44.3,-2.55],[-44.29,-2.58],[-44.29,-2.55],[-44.29,-2.54],[-44.3,-2.53],[-44.3,-2.52],[-44.3,-2.51],[-44.3,-2.49],[-44.29,-2.48],[-44.28,-2.48],[-44.22,-2.47],[-44.11,-2.42],[-44.08,-2.42],[-44.07,-2.4],[-44.05,-2.4],[-44.03,-2.42],[-44.03,-2.44],[-44.05,-2.44],[-44.07,-2.44],[-44.09,-2.44],[-44.1,-2.46],[-44.07,-2.46],[-44.06,-2.46],[-44.06,-2.47],[-44.06,-2.49],[-44.06,-2.51],[-44.06,-2.49],[-44.05,-2.49],[-44.05,-2.47],[-44.04,-2.47],[-44.03,-2.49],[-44.03,-2.51],[-44.04,-2.53],[-44.05,-2.55],[-44.07,-2.55],[-44.08,-2.56],[-44.1,-2.58],[-44.11,-2.58],[-44.12,-2.59],[-44.11,-2.6],[-44.11,-2.62],[-44.14,-2.67],[-44.15,-2.68],[-44.17,-2.69],[-44.18,-2.69],[-44.19,-2.69],[-44.2,-2.69],[-44.21,-2.67],[-44.21,-2.69],[-44.2,-2.7],[-44.21,-2.71],[-44.24,-2.71],[-44.25,-2.72],[-44.28,-2.75],[-44.29,-2.75],[-44.31,-2.76],[-44.34,-2.78],[-44.35,-2.81],[-44.33,-2.83],[-44.33,-2.8],[-44.32,-2.79],[-44.31,-2.78],[-44.3,-2.79],[-44.31,-2.81],[-44.31,-2.82],[-44.3,-2.83],[-44.29,-2.81],[-44.28,-2.81],[-44.27,-2.81],[-44.27,-2.8],[-44.27,-2.79],[-44.27,-2.78],[-44.26,-2.77],[-44.25,-2.77],[-44.22,-2.79],[-44.23,-2.78],[-44.22,-2.77],[-44.19,-2.76],[-44.19,-2.78],[-44.17,-2.81],[-44.18,-2.82],[-44.19,-2.83],[-44.21,-2.84],[-44.22,-2.85],[-44.21,-2.85],[-44.2,-2.85],[-44.2,-2.86],[-44.2,-2.87],[-44.17,-2.84],[-44.16,-2.83],[-44.15,-2.83],[-44.14,-2.82],[-44.13,-2.8],[-44.13,-2.79],[-44.12,-2.77],[-44.12,-2.76],[-44.11,-2.75],[-44.1,-2.75],[-44.1,-2.76],[-44.1,-2.77],[-44.09,-2.76],[-44.08,-2.75],[-44.08,-2.76],[-44.08,-2.77],[-44.08,-2.78],[-44.07,-2.77],[-44.07,-2.78],[-44.07,-2.79],[-44.08,-2.81],[-44.07,-2.8],[-44.06,-2.78],[-44.06,-2.73],[-44.06,-2.72],[-44.05,-2.7],[-44.04,-2.68],[-44.02,-2.65],[-44.01,-2.63],[-43.98,-2.62],[-43.98,-2.61],[-43.95,-2.63],[-43.95,-2.62],[-43.96,-2.61],[-43.96,-2.6],[-43.95,-2.57],[-43.93,-2.56],[-43.92,-2.55],[-43.89,-2.6],[-43.88,-2.63],[-43.87,-2.62],[-43.88,-2.61],[-43.88,-2.6],[-43.88,-2.58],[-43.88,-2.57],[-43.85,-2.56],[-43.84,-2.56],[-43.83,-2.55],[-43.82,-2.55],[-43.8,-2.55],[-43.78,-2.53],[-43.77,-2.53],[-43.75,-2.52],[-43.75,-2.53],[-43.74,-2.52],[-43.74,-2.49],[-43.72,-2.48],[-43.71,-2.49],[-43.71,-2.51],[-43.71,-2.54],[-43.72,-2.55],[-43.72,-2.56],[-43.71,-2.56],[-43.71,-2.55],[-43.71,-2.56],[-43.7,-2.56],[-43.7,-2.55],[-43.69,-2.54],[-43.68,-2.54],[-43.68,-2.55],[-43.66,-2.55],[-43.68,-2.53],[-43.68,-2.5],[-43.67,-2.48],[-43.64,-2.48],[-43.65,-2.49],[-43.66,-2.49],[-43.67,-2.51],[-43.65,-2.5],[-43.64,-2.5],[-43.62,-2.51],[-43.62,-2.53],[-43.6,-2.52],[-43.56,-2.53],[-43.54,-2.53],[-43.55,-2.52],[-43.56,-2.52],[-43.56,-2.51],[-43.56,-2.5],[-43.55,-2.48],[-43.55,-2.51],[-43.54,-2.49],[-43.54,-2.48],[-43.54,-2.47],[-43.56,-2.46],[-43.54,-2.44],[-43.52,-2.44],[-43.52,-2.46],[-43.52,-2.49],[-43.51,-2.49],[-43.5,-2.52],[-43.49,-2.53],[-43.49,-2.55],[-43.48,-2.54],[-43.47,-2.53],[-43.47,-2.52],[-43.46,-2.54],[-43.45,-2.55],[-43.45,-2.54],[-43.44,-2.53],[-43.45,-2.51],[-43.47,-2.49],[-43.45,-2.48],[-43.42,-2.49],[-43.42,-2.48],[-43.44,-2.48],[-43.45,-2.47],[-43.46,-2.46],[-43.46,-2.44],[-43.45,-2.44],[-43.45,-2.45],[-43.44,-2.46],[-43.43,-2.46],[-43.41,-2.46],[-43.43,-2.44],[-43.47,-2.42],[-43.49,-2.4],[-43.48,-2.38],[-43.48,-2.37],[-43.47,-2.35],[-43.45,-2.34],[-43.44,-2.34],[-43.43,-2.34],[-43.41,-2.34],[-43.39,-2.34],[-43.36,-2.34],[-43.34,-2.35],[-43.31,-2.35],[-43.25,-2.37],[-43.2,-2.38],[-43.12,-2.42],[-43.01,-2.46],[-42.94,-2.48],[-42.92,-2.49],[-42.88,-2.51],[-42.86,-2.52],[-42.82,-2.54],[-42.82,-2.55],[-42.81,-2.55],[-42.78,-2.56],[-42.77,-2.56],[-42.71,-2.56],[-42.7,-2.56],[-42.69,-2.57],[-42.69,-2.58],[-42.68,-2.58],[-42.67,-2.59],[-42.63,-2.64],[-42.58,-2.67],[-42.57,-2.68],[-42.56,-2.68],[-42.54,-2.68],[-42.53,-2.68],[-42.52,-2.68],[-42.49,-2.67],[-42.49,-2.69],[-42.49,-2.7],[-42.5,-2.7],[-42.51,-2.7],[-42.51,-2.72],[-42.49,-2.73],[-42.47,-2.74],[-42.45,-2.75],[-42.43,-2.74],[-42.42,-2.73],[-42.41,-2.74],[-42.41,-2.75],[-42.38,-2.76],[-42.26,-2.76],[-42.25,-2.77],[-42.25,-2.78],[-42.26,-2.8],[-42.27,-2.81],[-42.24,-2.8],[-42.23,-2.81],[-42.24,-2.83],[-42.23,-2.83],[-42.23,-2.82],[-42.22,-2.81],[-42.21,-2.8],[-42.19,-2.81],[-42.18,-2.81],[-42.16,-2.81],[-42.15,-2.8],[-42.08,-2.8],[-42.09,-2.8],[-42.09,-2.81],[-42.08,-2.82],[-42.08,-2.83],[-42.07,-2.82],[-42.05,-2.82],[-42.03,-2.82],[-42.02,-2.82],[-42.02,-2.81],[-42.0,-2.81],[-41.97,-2.83],[-41.96,-2.84],[-41.94,-2.84],[-41.94,-2.82],[-41.94,-2.79],[-41.94,-2.77],[-41.95,-2.78],[-41.96,-2.78],[-41.97,-2.77],[-42.0,-2.75],[-42.02,-2.74],[-42.01,-2.73],[-42.0,-2.72],[-41.9,-2.73],[-41.84,-2.73],[-41.82,-2.73],[-41.84,-2.77],[-41.83,-2.76],[-41.82,-2.76],[-41.81,-2.74],[-41.78,-2.78],[-41.69,-2.83],[-41.67,-2.86],[-41.66,-2.87],[-41.68,-2.86],[-41.69,-2.85],[-41.68,-2.86],[-41.68,-2.87],[-41.69,-2.86],[-41.7,-2.86],[-41.7,-2.87],[-41.69,-2.88],[-41.68,-2.88],[-41.66,-2.88],[-41.65,-2.87],[-41.64,-2.88],[-41.62,-2.9],[-41.6,-2.9],[-41.52,-2.91],[-41.49,-2.9],[-41.47,-2.89],[-41.45,-2.9],[-41.45,-2.91],[-41.45,-2.92],[-41.46,-2.93],[-41.45,-2.93],[-41.45,-2.94],[-41.44,-2.94],[-41.43,-2.94],[-41.44,-2.91],[-41.42,-2.91],[-41.34,-2.92],[-41.33,-2.93],[-41.33,-2.94],[-41.33,-2.95],[-41.34,-2.95],[-41.33,-2.96],[-41.32,-2.96],[-41.31,-2.96],[-41.31,-2.97],[-41.3,-2.98],[-41.29,-2.98],[-41.29,-2.96],[-41.27,-2.98],[-41.26,-3.0],[-41.25,-3.01],[-41.24,-3.02],[-41.24,-2.99],[-41.24,-2.97],[-41.26,-2.95],[-41.26,-2.93],[-41.28,-2.92],[-41.29,-2.9],[-41.3,-2.91],[-41.31,-2.91],[-41.32,-2.9],[-41.3,-2.9],[-41.27,-2.88],[-41.26,-2.88],[-41.2,-2.88],[-41.17,-2.88],[-41.14,-2.89],[-41.11,-2.9],[-41.09,-2.92],[-41.08,-2.92],[-41.08,-2.91],[-41.09,-2.89],[-41.1,-2.88],[-41.09,-2.88],[-41.08,-2.88],[-40.94,-2.87],[-40.93,-2.87],[-40.91,-2.87],[-40.9,-2.88],[-40.89,-2.87],[-40.89,-2.86],[-40.88,-2.86],[-40.85,-2.86],[-40.84,-2.86],[-40.84,-2.88],[-40.83,-2.88],[-40.82,-2.87],[-40.77,-2.85],[-40.75,-2.84],[-40.58,-2.83],[-40.53,-2.8],[-40.51,-2.8],[-40.5,-2.79],[-40.49,-2.79],[-40.48,-2.79],[-40.4,-2.81],[-40.27,-2.81],[-40.19,-2.82],[-40.18,-2.82],[-40.15,-2.84],[-40.14,-2.85],[-40.13,-2.84],[-40.13,-2.83],[-40.12,-2.83],[-40.11,-2.83],[-40.1,-2.83],[-40.08,-2.84],[-40.07,-2.84],[-40.05,-2.85],[-40.0,-2.85],[-39.99,-2.85],[-39.9,-2.9],[-39.87,-2.91],[-39.86,-2.92],[-39.81,-2.97],[-39.8,-2.97],[-39.78,-2.98],[-39.77,-2.99],[-39.74,-3.0],[-39.73,-3.02],[-39.73,-3.03],[-39.73,-3.04],[-39.72,-3.04],[-39.71,-3.04],[-39.7,-3.04],[-39.71,-3.03],[-39.7,-3.02],[-39.68,-3.02],[-39.64,-3.04],[-39.62,-3.04],[-39.61,-3.04],[-39.61,-3.06],[-39.57,-3.09],[-39.5,-3.13],[-39.49,-3.15],[-39.4,-3.18],[-39.38,-3.19],[-39.37,-3.18],[-39.36,-3.18],[-39.35,-3.19],[-39.34,-3.2],[-39.32,-3.21],[-39.29,-3.23],[-39.28,-3.23],[-39.27,-3.23],[-39.27,-3.24],[-39.26,-3.24],[-39.26,-3.25],[-39.19,-3.3],[-39.17,-3.32],[-39.16,-3.33],[-39.15,-3.33],[-39.13,-3.33],[-39.12,-3.33],[-39.1,-3.35],[-39.09,-3.36],[-39.08,-3.38],[-39.06,-3.38],[-39.02,-3.38],[-39.0,-3.39],[-38.99,-3.4],[-38.96,-3.42],[-38.94,-3.44],[-38.92,-3.51],[-38.9,-3.5],[-38.88,-3.51],[-38.87,-3.52],[-38.86,-3.53],[-38.81,-3.55],[-38.79,-3.57],[-38.76,-3.6],[-38.73,-3.62],[-38.71,-3.63],[-38.69,-3.64],[-38.67,-3.67],[-38.66,-3.68],[-38.59,-3.69],[-38.53,-3.72],[-38.49,-3.72],[-38.48,-3.7],[-38.47,-3.71],[-38.46,-3.72],[-38.44,-3.76],[-38.41,-3.79],[-38.4,-3.81],[-38.4,-3.84],[-38.39,-3.86],[-38.38,-3.87],[-38.32,-3.92],[-38.31,-3.93],[-38.26,-3.95],[-38.25,-3.96],[-38.19,-4.05],[-38.11,-4.16],[-38.03,-4.24],[-37.93,-4.31],[-37.92,-4.31],[-37.85,-4.38],[-37.84,-4.38],[-37.81,-4.39],[-37.79,-4.4],[-37.77,-4.4],[-37.71,-4.52],[-37.68,-4.55],[-37.65,-4.58],[-37.61,-4.61],[-37.56,-4.63],[-37.54,-4.64],[-37.53,-4.63],[-37.51,-4.62],[-37.49,-4.63],[-37.43,-4.66],[-37.32,-4.7],[-37.29,-4.72],[-37.27,-4.74],[-37.23,-4.84],[-37.18,-4.91],[-37.13,-4.93],[-37.12,-4.92],[-37.1,-4.92],[-37.08,-4.92],[-37.05,-4.94],[-37.04,-4.94],[-37.01,-4.93],[-36.98,-4.93],[-36.9,-4.94],[-36.88,-4.95],[-36.85,-4.99],[-36.84,-4.99],[-36.83,-5.0],[-36.82,-5.01],[-36.81,-5.02],[-36.81,-5.03],[-36.79,-5.05],[-36.76,-5.07],[-36.72,-5.08],[-36.7,-5.08],[-36.7,-5.09],[-36.68,-5.09],[-36.64,-5.09],[-36.61,-5.1],[-36.59,-5.1],[-36.56,-5.12],[-36.54,-5.13],[-36.53,-5.12],[-36.53,-5.11],[-36.53,-5.1],[-36.57,-5.09],[-36.58,-5.08],[-36.55,-5.09],[-36.42,-5.08],[-36.34,-5.09],[-36.3,-5.1],[-36.28,-5.1],[-36.26,-5.1],[-36.29,-5.1],[-36.29,-5.09],[-36.13,-5.1],[-36.11,-5.09],[-36.08,-5.07],[-36.04,-5.06],[-36.02,-5.05],[-36.0,-5.05],[-35.92,-5.06],[-35.77,-5.09],[-35.66,-5.11],[-35.58,-5.12],[-35.55,-5.13],[-35.51,-5.14],[-35.49,-5.16],[-35.45,-5.2],[-35.44,-5.21],[-35.42,-5.21],[-35.4,-5.23],[-35.39,-5.24],[-35.37,-5.28],[-35.36,-5.3],[-35.36,-5.32],[-35.35,-5.35],[-35.35,-5.36],[-35.32,-5.38],[-35.26,-5.48],[-35.25,-5.52],[-35.25,-5.55],[-35.23,-5.57],[-35.22,-5.58],[-35.23,-5.59],[-35.23,-5.6],[-35.21,-5.67],[-35.21,-5.68],[-35.2,-5.69],[-35.2,-5.76],[-35.19,-5.77],[-35.18,-5.78],[-35.17,-5.8],[-35.17,-5.82],[-35.17,-5.83],[-35.17,-5.84],[-35.17,-5.86],[-35.15,-5.87],[-35.15,-5.88],[-35.15,-5.89],[-35.15,-5.92],[-35.15,-5.93],[-35.14,-5.95],[-35.13,-5.96],[-35.11,-5.98],[-35.11,-5.99],[-35.11,-6.0],[-35.11,-6.03],[-35.11,-6.05],[-35.11,-6.06],[-35.1,-6.06],[-35.1,-6.07],[-35.09,-6.19],[-35.12,-6.16],[-35.12,-6.18],[-35.15,-6.21],[-35.15,-6.22],[-35.13,-6.22],[-35.12,-6.21],[-35.11,-6.2],[-35.1,-6.19],[-35.09,-6.2],[-35.08,-6.22],[-35.07,-6.23],[-35.05,-6.23],[-35.04,-6.23],[-35.04,-6.24],[-35.04,-6.26],[-35.03,-6.3],[-35.02,-6.32],[-35.03,-6.33],[-35.02,-6.34],[-35.02,-6.36],[-35.01,-6.36],[-35.0,-6.37],[-34.99,-6.38],[-34.98,-6.39],[-34.97,-6.43],[-34.96,-6.54],[-34.96,-6.58],[-34.97,-6.62],[-34.96,-6.64],[-34.96,-6.65],[-34.95,-6.67],[-34.95,-6.68],[-34.94,-6.69],[-34.94,-6.71],[-34.93,-6.72],[-34.94,-6.74],[-34.94,-6.77],[-34.94,-6.79],[-34.94,-6.78],[-34.92,-6.86],[-34.9,-6.89],[-34.89,-6.89],[-34.87,-6.91],[-34.86,-6.91],[-34.86,-6.96],[-34.86,-6.98],[-34.87,-6.98],[-34.88,-6.99],[-34.88,-7.0],[-34.88,-7.03],[-34.88,-7.04],[-34.9,-7.08],[-34.89,-7.08],[-34.9,-7.09],[-34.91,-7.09],[-34.92,-7.08],[-34.91,-7.09],[-34.91,-7.1],[-34.91,-7.12],[-34.91,-7.13],[-34.9,-7.12],[-34.88,-7.1],[-34.86,-7.07],[-34.85,-7.05],[-34.85,-7.03],[-34.84,-6.99],[-34.84,-6.97],[-34.83,-6.98],[-34.82,-7.0],[-34.83,-7.04],[-34.83,-7.1],[-34.83,-7.13],[-34.83,-7.14],[-34.82,-7.14],[-34.8,-7.15],[-34.8,-7.16],[-34.79,-7.18],[-34.8,-7.19],[-34.8,-7.21],[-34.8,-7.22],[-34.8,-7.37],[-34.81,-7.44],[-34.81,-7.48],[-34.8,-7.51],[-34.82,-7.54],[-34.82,-7.55],[-34.83,-7.54],[-34.84,-7.54],[-34.88,-7.54],[-34.89,-7.54],[-34.9,-7.54],[-34.91,-7.55],[-34.93,-7.56],[-34.87,-7.55],[-34.84,-7.56],[-34.83,-7.58],[-34.82,-7.6],[-34.81,-7.61],[-34.81,-7.62],[-34.81,-7.64],[-34.82,-7.65],[-34.83,-7.68],[-34.84,-7.68],[-34.84,-7.67],[-34.84,-7.66],[-34.84,-7.64],[-34.84,-7.65],[-34.85,-7.66],[-34.85,-7.67],[-34.87,-7.63],[-34.87,-7.62],[-34.88,-7.64],[-34.86,-7.69],[-34.86,-7.71],[-34.88,-7.7],[-34.89,-7.71],[-34.9,-7.72],[-34.91,-7.73],[-34.89,-7.72],[-34.88,-7.71],[-34.87,-7.71],[-34.87,-7.72],[-34.87,-7.73],[-34.88,-7.74],[-34.88,-7.75],[-34.89,-7.76],[-34.89,-7.8],[-34.88,-7.82],[-34.85,-7.82],[-34.85,-7.83],[-34.84,-7.85],[-34.85,-7.88],[-34.83,-7.86],[-34.83,-7.87],[-34.82,-7.89],[-34.81,-7.91],[-34.82,-7.91],[-34.82,-7.92],[-34.81,-7.93],[-34.82,-7.95],[-34.85,-8.04],[-34.85,-8.06],[-34.85,-8.07],[-34.86,-8.07],[-34.88,-8.06],[-34.9,-8.04],[-34.91,-8.04],[-34.93,-8.03],[-34.91,-8.05],[-34.9,-8.06],[-34.9,-8.07],[-34.9,-8.08],[-34.9,-8.09],[-34.89,-8.1],[-34.88,-8.1],[-34.88,-8.09],[-34.88,-8.11],[-34.89,-8.14],[-34.9,-8.18],[-34.9,-8.19],[-34.92,-8.21],[-34.93,-8.24],[-34.94,-8.27],[-34.94,-8.31],[-34.94,-8.34],[-34.94,-8.35],[-34.95,-8.36],[-34.96,-8.37],[-34.96,-8.38],[-35.03,-8.58],[-35.07,-8.66],[-35.07,-8.67],[-35.08,-8.68],[-35.08,-8.7],[-35.09,-8.74],[-35.1,-8.76],[-35.13,-8.81],[-35.13,-8.83],[-35.14,-8.87],[-35.15,-8.91],[-35.19,-8.99],[-35.23,-9.05],[-35.26,-9.11],[-35.29,-9.15],[-35.31,-9.19],[-35.39,-9.31],[-35.41,-9.32],[-35.44,-9.33],[-35.46,-9.35],[-35.48,-9.37],[-35.49,-9.39],[-35.49,-9.4],[-35.57,-9.52],[-35.58,-9.53],[-35.63,-9.56],[-35.66,-9.58],[-35.68,-9.61],[-35.7,-9.67],[-35.71,-9.67],[-35.72,-9.68],[-35.74,-9.68],[-35.75,-9.68],[-35.76,-9.69],[-35.78,-9.7],[-35.76,-9.68],[-35.75,-9.66],[-35.75,-9.64],[-35.77,-9.61],[-35.77,-9.6],[-35.79,-9.59],[-35.8,-9.58],[-35.81,-9.6],[-35.8,-9.63],[-35.79,-9.64],[-35.79,-9.67],[-35.79,-9.68],[-35.8,-9.68],[-35.81,-9.69],[-35.85,-9.73],[-35.86,-9.73],[-35.87,-9.72],[-35.88,-9.7],[-35.88,-9.69],[-35.91,-9.64],[-35.91,-9.62],[-35.92,-9.61],[-35.94,-9.6],[-35.96,-9.61],[-35.95,-9.63],[-35.92,-9.65],[-35.91,-9.66],[-35.9,-9.67],[-35.88,-9.75],[-35.87,-9.76],[-35.86,-9.76],[-35.86,-9.75],[-35.85,-9.74],[-35.82,-9.74],[-35.81,-9.73],[-35.8,-9.72],[-35.81,-9.74],[-35.86,-9.79],[-35.88,-9.86],[-35.9,-9.88],[-35.95,-9.91],[-35.97,-9.97],[-35.98,-9.97],[-35.99,-9.98],[-36.0,-10.0],[-36.04,-10.06],[-36.05,-10.08],[-36.09,-10.09],[-36.14,-10.16],[-36.25,-10.25],[-36.28,-10.28],[-36.29,-10.3],[-36.29,-10.32],[-36.29,-10.33],[-36.29,-10.34],[-36.29,-10.35],[-36.41,-10.5],[-36.42,-10.51],[-36.46,-10.52],[-36.49,-10.52],[-36.5,-10.53],[-36.52,-10.53],[-36.54,-10.54],[-36.58,-10.55],[-36.59,-10.57],[-36.6,-10.57],[-36.61,-10.58],[-36.77,-10.67],[-36.9,-10.77],[-36.95,-10.84],[-36.96,-10.87],[-36.98,-10.89],[-37.03,-10.94],[-37.04,-10.95],[-37.04,-10.96],[-37.05,-10.99],[-37.05,-11.0],[-37.12,-11.12],[-37.14,-11.13],[-37.15,-11.12],[-37.15,-11.11],[-37.14,-11.1],[-37.14,-11.09],[-37.15,-11.09],[-37.15,-11.08],[-37.16,-11.08],[-37.16,-11.07],[-37.17,-11.07],[-37.18,-11.09],[-37.19,-11.07],[-37.2,-11.04],[-37.21,-11.04],[-37.25,-11.02],[-37.26,-11.02],[-37.27,-11.02],[-37.28,-11.02],[-37.28,-11.03],[-37.28,-11.04],[-37.27,-11.05],[-37.26,-11.06],[-37.26,-11.07],[-37.25,-11.07],[-37.24,-11.07],[-37.23,-11.07],[-37.22,-11.08],[-37.21,-11.09],[-37.2,-11.09],[-37.2,-11.1],[-37.21,-11.09],[-37.22,-11.1],[-37.22,-11.11],[-37.2,-11.11],[-37.19,-11.11],[-37.19,-11.1],[-37.18,-11.1],[-37.17,-11.1],[-37.17,-11.11],[-37.16,-11.12],[-37.17,-11.13],[-37.16,-11.14],[-37.16,-11.17],[-37.16,-11.19],[-37.16,-11.18],[-37.15,-11.19],[-37.17,-11.2],[-37.2,-11.22],[-37.22,-11.23],[-37.23,-11.25],[-37.24,-11.26],[-37.25,-11.27],[-37.26,-11.27],[-37.26,-11.28],[-37.27,-11.28],[-37.29,-11.32],[-37.32,-11.41],[-37.33,-11.42],[-37.37,-11.43],[-37.39,-11.43],[-37.39,-11.42],[-37.38,-11.41],[-37.38,-11.4],[-37.4,-11.4],[-37.37,-11.36],[-37.37,-11.35],[-37.36,-11.32],[-37.35,-11.3],[-37.31,-11.27],[-37.29,-11.26],[-37.29,-11.25],[-37.27,-11.25],[-37.29,-11.24],[-37.29,-11.21],[-37.3,-11.19],[-37.3,-11.22],[-37.3,-11.23],[-37.3,-11.24],[-37.31,-11.24],[-37.32,-11.21],[-37.34,-11.19],[-37.34,-11.18],[-37.35,-11.2],[-37.32,-11.25],[-37.32,-11.27],[-37.33,-11.26],[-37.35,-11.25],[-37.35,-11.26],[-37.34,-11.27],[-37.33,-11.28],[-37.34,-11.29],[-37.35,-11.29],[-37.36,-11.3],[-37.37,-11.31],[-37.38,-11.32],[-37.4,-11.34],[-37.41,-11.4],[-37.42,-11.41],[-37.43,-11.41],[-37.44,-11.39],[-37.44,-11.35],[-37.45,-11.36],[-37.45,-11.37],[-37.46,-11.37],[-37.47,-11.36],[-37.46,-11.39],[-37.45,-11.4],[-37.44,-11.41],[-37.4,-11.43],[-37.4,-11.44],[-37.41,-11.47],[-37.43,-11.49],[-37.46,-11.51],[-37.49,-11.52],[-37.47,-11.52],[-37.45,-11.52],[-37.43,-11.51],[-37.42,-11.5],[-37.4,-11.49],[-37.39,-11.47],[-37.38,-11.46],[-37.36,-11.45],[-37.37,-11.47],[-37.43,-11.57],[-37.51,-11.72],[-37.51,-11.76],[-37.52,-11.78],[-37.55,-11.8],[-37.6,-11.95],[-37.63,-12.0],[-37.65,-12.05],[-37.72,-12.14],[-37.79,-12.26],[-37.87,-12.38],[-37.93,-12.48],[-38.0,-12.56],[-38.05,-12.64],[-38.06,-12.65],[-38.07,-12.65],[-38.15,-12.74],[-38.21,-12.82],[-38.29,-12.89],[-38.32,-12.94],[-38.34,-12.95],[-38.36,-12.96],[-38.37,-12.97],[-38.39,-12.97],[-38.41,-12.97],[-38.42,-12.97],[-38.44,-12.99],[-38.46,-13.0],[-38.49,-13.01],[-38.51,-13.02],[-38.53,-13.02],[-38.54,-13.0],[-38.52,-12.97],[-38.51,-12.93],[-38.5,-12.92],[-38.49,-12.92],[-38.48,-12.94],[-38.48,-12.92],[-38.49,-12.9],[-38.49,-12.88],[-38.48,-12.85],[-38.48,-12.84],[-38.49,-12.83],[-38.49,-12.82],[-38.5,-12.81],[-38.5,-12.8],[-38.5,-12.79],[-38.51,-12.72],[-38.53,-12.72],[-38.54,-12.72],[-38.56,-12.72],[-38.57,-12.7],[-38.61,-12.71],[-38.63,-12.7],[-38.64,-12.68],[-38.65,-12.64],[-38.66,-12.63],[-38.67,-12.63],[-38.68,-12.63],[-38.69,-12.61],[-38.7,-12.6],[-38.69,-12.59],[-38.69,-12.57],[-38.7,-12.57],[-38.72,-12.61],[-38.72,-12.62],[-38.72,-12.64],[-38.72,-12.67],[-38.73,-12.68],[-38.74,-12.69],[-38.75,-12.71],[-38.75,-12.72],[-38.74,-12.74],[-38.78,-12.81],[-38.79,-12.82],[-38.8,-12.82],[-38.81,-12.84],[-38.82,-12.84],[-38.84,-12.83],[-38.86,-12.82],[-38.86,-12.8],[-38.88,-12.72],[-38.88,-12.71],[-38.87,-12.69],[-38.85,-12.67],[-38.86,-12.65],[-38.87,-12.65],[-38.86,-12.67],[-38.87,-12.68],[-38.88,-12.68],[-38.9,-12.7],[-38.9,-12.71],[-38.91,-12.72],[-38.91,-12.73],[-38.92,-12.74],[-38.91,-12.75],[-38.9,-12.77],[-38.9,-12.78],[-38.89,-12.79],[-38.88,-12.79],[-38.87,-12.8],[-38.87,-12.81],[-38.87,-12.82],[-38.87,-12.83],[-38.86,-12.85],[-38.85,-12.85],[-38.83,-12.86],[-38.83,-12.87],[-38.81,-12.85],[-38.8,-12.85],[-38.79,-12.86],[-38.79,-12.87],[-38.78,-12.87],[-38.77,-12.86],[-38.75,-12.86],[-38.74,-12.87],[-38.72,-12.87],[-38.73,-12.88],[-38.74,-12.88],[-38.74,-12.9],[-38.75,-12.9],[-38.75,-12.91],[-38.75,-12.92],[-38.75,-12.95],[-38.75,-12.96],[-38.76,-12.97],[-38.77,-12.98],[-38.79,-13.01],[-38.8,-13.02],[-38.82,-13.04],[-38.84,-13.05],[-38.86,-13.06],[-38.88,-13.06],[-38.89,-13.07],[-38.9,-13.08],[-38.9,-13.09],[-38.9,-13.11],[-38.89,-13.11],[-38.89,-13.12],[-38.88,-13.12],[-38.88,-13.13],[-38.81,-13.14],[-38.81,-13.15],[-38.82,-13.16],[-38.83,-13.16],[-38.84,-13.16],[-38.85,-13.17],[-38.88,-13.2],[-38.93,-13.23],[-38.95,-13.25],[-38.96,-13.26],[-38.96,-13.31],[-38.97,-13.33],[-38.96,-13.36],[-38.95,-13.37],[-38.96,-13.38],[-38.99,-13.36],[-39.0,-13.36],[-39.01,-13.36],[-39.04,-13.37],[-39.04,-13.36],[-39.04,-13.35],[-39.04,-13.34],[-39.04,-13.33],[-39.06,-13.4],[-39.07,-13.44],[-39.06,-13.47],[-39.07,-13.48],[-39.08,-13.5],[-39.09,-13.51],[-39.09,-13.53],[-39.08,-13.58],[-39.09,-13.59],[-39.12,-13.6],[-39.12,-13.61],[-39.09,-13.6],[-39.08,-13.59],[-39.08,-13.54],[-39.08,-13.52],[-39.06,-13.49],[-39.04,-13.48],[-39.01,-13.5],[-39.0,-13.52],[-39.0,-13.53],[-38.99,-13.54],[-39.0,-13.55],[-39.01,-13.56],[-39.0,-13.59],[-38.99,-13.61],[-38.98,-13.63],[-38.97,-13.65],[-38.97,-13.67],[-38.98,-13.69],[-38.99,-13.71],[-38.99,-13.73],[-38.99,-13.79],[-38.99,-13.81],[-38.98,-13.83],[-38.98,-13.84],[-38.99,-13.84],[-39.0,-13.84],[-39.01,-13.83],[-39.03,-13.82],[-39.04,-13.81],[-39.04,-13.79],[-39.04,-13.78],[-39.05,-13.77],[-39.05,-13.76],[-39.06,-13.76],[-39.07,-13.75],[-39.07,-13.74],[-39.08,-13.74],[-39.09,-13.74],[-39.09,-13.71],[-39.1,-13.71],[-39.11,-13.71],[-39.13,-13.71],[-39.14,-13.72],[-39.15,-13.74],[-39.14,-13.74],[-39.12,-13.72],[-39.11,-13.73],[-39.11,-13.74],[-39.11,-13.75],[-39.12,-13.76],[-39.07,-13.78],[-39.06,-13.79],[-39.04,-13.83],[-39.03,-13.84],[-39.0,-13.85],[-38.99,-13.86],[-39.0,-13.88],[-39.01,-13.88],[-39.03,-13.88],[-39.05,-13.88],[-39.07,-13.87],[-39.07,-13.89],[-39.07,-13.9],[-39.06,-13.94],[-39.04,-13.95],[-39.02,-13.96],[-39.01,-13.97],[-39.0,-13.99],[-38.99,-14.0],[-38.99,-14.01],[-39.0,-14.02],[-39.0,-14.03],[-38.98,-14.05],[-38.98,-14.06],[-38.98,-14.07],[-38.99,-14.07],[-39.03,-14.08],[-39.04,-14.08],[-39.05,-14.06],[-39.07,-14.08],[-39.07,-14.09],[-39.06,-14.1],[-39.07,-14.11],[-39.07,-14.12],[-39.08,-14.13],[-39.07,-14.14],[-39.07,-14.15],[-39.06,-14.16],[-39.05,-14.16],[-39.04,-14.18],[-39.03,-14.18],[-39.06,-14.13],[-39.06,-14.11],[-39.04,-14.1],[-39.02,-14.1],[-39.0,-14.09],[-38.96,-14.07],[-38.96,-14.06],[-38.96,-14.05],[-38.96,-14.04],[-38.97,-14.03],[-38.97,-14.01],[-38.96,-14.0],[-38.97,-13.99],[-38.97,-13.98],[-38.96,-13.98],[-38.95,-13.98],[-38.95,-13.97],[-38.95,-13.96],[-38.96,-13.96],[-38.97,-13.95],[-38.98,-13.95],[-38.97,-13.94],[-38.99,-13.94],[-38.99,-13.93],[-38.98,-13.92],[-38.97,-13.9],[-38.96,-13.9],[-38.95,-13.89],[-38.94,-13.89],[-38.93,-13.9],[-38.93,-13.98],[-38.92,-14.0],[-38.95,-14.1],[-38.96,-14.12],[-38.96,-14.13],[-38.97,-14.15],[-38.97,-14.17],[-38.97,-14.18],[-38.99,-14.21],[-38.99,-14.23],[-38.99,-14.27],[-38.98,-14.3],[-38.99,-14.31],[-38.99,-14.32],[-39.0,-14.34],[-39.0,-14.35],[-39.0,-14.36],[-39.01,-14.37],[-39.01,-14.38],[-39.01,-14.4],[-39.01,-14.41],[-39.03,-14.46],[-39.03,-14.54],[-39.05,-14.59],[-39.06,-14.62],[-39.07,-14.65],[-39.07,-14.67],[-39.05,-14.75],[-39.05,-14.77],[-39.04,-14.78],[-39.03,-14.79],[-39.05,-14.8],[-39.05,-14.81],[-39.05,-14.82],[-39.04,-14.82],[-39.03,-14.81],[-39.02,-14.82],[-39.03,-14.86],[-39.02,-14.9],[-39.01,-14.97],[-39.0,-15.23],[-38.98,-15.32],[-38.97,-15.41],[-38.94,-15.57],[-38.92,-15.72],[-38.9,-15.76],[-38.89,-15.77],[-38.89,-15.78],[-38.88,-15.81],[-38.88,-15.82],[-38.86,-15.84],[-38.86,-15.85],[-38.87,-15.87],[-38.89,-15.9],[-38.9,-15.92],[-38.9,-15.94],[-38.92,-16.01],[-38.92,-16.02],[-38.93,-16.04],[-38.94,-16.07],[-38.95,-16.08],[-38.95,-16.17],[-38.96,-16.18],[-39.0,-16.25],[-39.01,-16.28],[-39.01,-16.3],[-39.01,-16.33],[-39.01,-16.36],[-39.02,-16.38],[-39.05,-16.44],[-39.05,-16.45],[-39.05,-16.46],[-39.06,-16.48],[-39.09,-16.66],[-39.14,-16.8],[-39.14,-16.84],[-39.13,-16.86],[-39.12,-16.88],[-39.12,-16.89],[-39.12,-16.9],[-39.15,-16.95],[-39.17,-17.08],[-39.18,-17.11],[-39.2,-17.14],[-39.21,-17.16],[-39.22,-17.3],[-39.21,-17.38],[-39.19,-17.43],[-39.19,-17.45],[-39.19,-17.58],[-39.18,-17.6],[-39.17,-17.63],[-39.15,-17.66],[-39.14,-17.68],[-39.15,-17.71],[-39.26,-17.82],[-39.27,-17.84],[-39.27,-17.85],[-39.27,-17.86],[-39.28,-17.87],[-39.29,-17.87],[-39.31,-17.89],[-39.38,-17.9],[-39.42,-17.92],[-39.45,-17.95],[-39.5,-18.01],[-39.62,-18.19],[-39.66,-18.27],[-39.67,-18.32],[-39.72,-18.52],[-39.74,-18.68],[-39.74,-18.9],[-39.72,-19.09],[-39.7,-19.24],[-39.7,-19.38],[-39.71,-19.42],[-39.79,-19.6],[-39.81,-19.64],[-39.83,-19.66],[-39.95,-19.71],[-40.01,-19.75],[-40.03,-19.76],[-40.08,-19.9],[-40.09,-19.91],[-40.1,-19.93],[-40.14,-19.95],[-40.16,-19.96],[-40.13,-19.96],[-40.13,-19.97],[-40.15,-20.02],[-40.15,-20.03],[-40.16,-20.03],[-40.17,-20.03],[-40.18,-20.04],[-40.18,-20.06],[-40.18,-20.07],[-40.17,-20.09],[-40.16,-20.1],[-40.17,-20.11],[-40.18,-20.13],[-40.19,-20.19],[-40.19,-20.2],[-40.2,-20.21],[-40.22,-20.25],[-40.23,-20.27],[-40.24,-20.28],[-40.25,-20.27],[-40.26,-20.26],[-40.27,-20.26],[-40.27,-20.27],[-40.28,-20.28],[-40.29,-20.28],[-40.3,-20.27],[-40.29,-20.25],[-40.3,-20.23],[-40.32,-20.23],[-40.34,-20.23],[-40.37,-20.23],[-40.36,-20.24],[-40.35,-20.26],[-40.36,-20.27],[-40.38,-20.27],[-40.37,-20.28],[-40.36,-20.28],[-40.37,-20.3],[-40.37,-20.32],[-40.35,-20.33],[-40.32,-20.32],[-40.33,-20.34],[-40.31,-20.33],[-40.3,-20.32],[-40.28,-20.31],[-40.26,-20.32],[-40.28,-20.33],[-40.29,-20.35],[-40.3,-20.37],[-40.31,-20.42],[-40.34,-20.46],[-40.35,-20.5],[-40.4,-20.57],[-40.42,-20.62],[-40.43,-20.63],[-40.45,-20.62],[-40.48,-20.64],[-40.48,-20.65],[-40.52,-20.72],[-40.53,-20.73],[-40.56,-20.74],[-40.57,-20.75],[-40.58,-20.8],[-40.61,-20.81],[-40.62,-20.83],[-40.63,-20.84],[-40.63,-20.83],[-40.64,-20.82],[-40.64,-20.81],[-40.65,-20.81],[-40.66,-20.81],[-40.67,-20.82],[-40.7,-20.84],[-40.73,-20.84],[-40.75,-20.85],[-40.76,-20.86],[-40.76,-20.88],[-40.77,-20.89],[-40.78,-20.9],[-40.79,-20.92],[-40.8,-20.93],[-40.81,-20.96],[-40.81,-21.0],[-40.81,-21.02],[-40.81,-21.04],[-40.83,-21.05],[-40.84,-21.07],[-40.84,-21.08],[-40.85,-21.09],[-40.92,-21.19],[-40.95,-21.24],[-40.97,-21.27],[-40.96,-21.29],[-40.96,-21.3],[-40.96,-21.32],[-40.97,-21.34],[-40.96,-21.36],[-40.98,-21.39],[-41.02,-21.44],[-41.05,-21.47],[-41.06,-21.48],[-41.07,-21.52],[-41.06,-21.56],[-41.02,-21.61],[-41.01,-21.65],[-41.02,-21.72],[-41.01,-21.82],[-40.97,-21.95],[-40.97,-21.99],[-41.0,-22.01],[-41.14,-22.1],[-41.24,-22.15],[-41.35,-22.17],[-41.47,-22.2],[-41.56,-22.23],[-41.67,-22.28],[-41.74,-22.33],[-41.77,-22.35],[-41.78,-22.36],[-41.78,-22.38],[-41.78,-22.39],[-41.8,-22.4],[-41.83,-22.42],[-41.85,-22.43],[-41.87,-22.47],[-41.88,-22.48],[-41.89,-22.48],[-41.9,-22.49],[-41.91,-22.51],[-41.93,-22.52],[-41.97,-22.54],[-41.99,-22.56],[-42.0,-22.61],[-42.0,-22.66],[-41.99,-22.7],[-41.98,-22.72],[-41.95,-22.75],[-41.94,-22.77],[-41.93,-22.77],[-41.92,-22.76],[-41.91,-22.75],[-41.9,-22.74],[-41.88,-22.74],[-41.87,-22.73],[-41.87,-22.75],[-41.88,-22.76],[-41.89,-22.77],[-41.89,-22.78],[-41.91,-22.78],[-41.92,-22.78],[-41.95,-22.81],[-41.98,-22.82],[-41.99,-22.83],[-41.99,-22.84],[-41.99,-22.86],[-42.0,-22.87],[-42.0,-22.88],[-42.01,-22.88],[-42.02,-22.88],[-42.02,-22.89],[-42.03,-22.89],[-42.03,-22.91],[-42.03,-22.93],[-42.02,-22.94],[-42.01,-22.93],[-42.0,-22.95],[-42.0,-22.96],[-42.01,-22.98],[-42.03,-22.98],[-42.05,-22.96],[-42.06,-22.95],[-42.17,-22.95],[-42.38,-22.94],[-42.53,-22.93],[-42.62,-22.94],[-42.66,-22.95],[-42.67,-22.95],[-42.69,-22.96],[-42.7,-22.97],[-42.77,-22.97],[-42.86,-22.98],[-42.93,-22.97],[-43.03,-22.97],[-43.06,-22.95],[-43.07,-22.94],[-43.09,-22.95],[-43.1,-22.94],[-43.12,-22.93],[-43.13,-22.92],[-43.12,-22.92],[-43.11,-22.92],[-43.1,-22.93],[-43.09,-22.92],[-43.09,-22.91],[-43.1,-22.9],[-43.11,-22.9],[-43.13,-22.89],[-43.13,-22.88],[-43.11,-22.86],[-43.1,-22.84],[-43.08,-22.81],[-43.03,-22.78],[-43.05,-22.78],[-43.06,-22.77],[-43.06,-22.76],[-43.03,-22.75],[-43.03,-22.74],[-43.02,-22.71],[-43.02,-22.7],[-43.03,-22.68],[-43.03,-22.67],[-43.04,-22.67],[-43.07,-22.67],[-43.08,-22.67],[-43.09,-22.69],[-43.1,-22.69],[-43.11,-22.7],[-43.12,-22.7],[-43.13,-22.7],[-43.14,-22.69],[-43.15,-22.7],[-43.18,-22.71],[-43.22,-22.73],[-43.24,-22.73],[-43.26,-22.74],[-43.27,-22.75],[-43.28,-22.77],[-43.27,-22.79],[-43.24,-22.84],[-43.23,-22.84],[-43.22,-22.83],[-43.22,-22.84],[-43.22,-22.85],[-43.21,-22.85],[-43.2,-22.86],[-43.21,-22.86],[-43.17,-22.89],[-43.16,-22.9],[-43.16,-22.91],[-43.16,-22.93],[-43.16,-22.94],[-43.15,-22.93],[-43.15,-22.95],[-43.17,-22.97],[-43.2,-22.99],[-43.22,-23.0],[-43.45,-23.02],[-43.5,-23.03],[-43.54,-23.05],[-43.55,-23.05],[-43.55,-23.06],[-43.56,-23.07],[-43.57,-23.07],[-43.58,-23.05],[-43.62,-23.04],[-43.87,-23.07],[-43.91,-23.07],[-43.93,-23.07],[-43.95,-23.08],[-43.97,-23.09],[-43.99,-23.1],[-44.0,-23.09],[-44.01,-23.07],[-44.0,-23.05],[-43.99,-23.04],[-43.95,-23.04],[-43.94,-23.05],[-43.92,-23.06],[-43.91,-23.06],[-43.9,-23.05],[-43.89,-23.02],[-43.87,-23.04],[-43.83,-23.05],[-43.75,-23.05],[-43.67,-23.04],[-43.63,-23.02],[-43.6,-23.01],[-43.62,-23.01],[-43.65,-23.0],[-43.66,-22.99],[-43.67,-22.98],[-43.68,-22.98],[-43.69,-22.98],[-43.7,-22.98],[-43.71,-22.97],[-43.72,-22.97],[-43.73,-22.95],[-43.73,-22.94],[-43.75,-22.93],[-43.79,-22.93],[-43.8,-22.93],[-43.81,-22.91],[-43.82,-22.91],[-43.84,-22.91],[-43.86,-22.91],[-43.85,-22.9],[-43.85,-22.89],[-43.86,-22.9],[-43.89,-22.91],[-43.9,-22.91],[-43.95,-22.92],[-43.97,-22.92],[-44.0,-22.94],[-44.01,-22.95],[-44.02,-22.96],[-44.03,-22.97],[-44.05,-22.97],[-44.04,-22.96],[-44.04,-22.94],[-44.06,-22.94],[-44.06,-22.95],[-44.08,-22.99],[-44.09,-22.99],[-44.12,-23.02],[-44.13,-23.03],[-44.15,-23.03],[-44.16,-23.03],[-44.17,-23.04],[-44.18,-23.05],[-44.19,-23.05],[-44.19,-23.04],[-44.2,-23.03],[-44.21,-23.04],[-44.22,-23.05],[-44.24,-23.05],[-44.24,-23.04],[-44.24,-23.01],[-44.24,-23.0],[-44.25,-23.0],[-44.27,-23.0],[-44.29,-23.01],[-44.3,-23.01],[-44.3,-23.0],[-44.32,-23.0],[-44.32,-23.01],[-44.33,-23.02],[-44.35,-23.0],[-44.35,-22.99],[-44.34,-22.98],[-44.32,-22.97],[-44.31,-22.97],[-44.31,-22.96],[-44.32,-22.95],[-44.32,-22.94],[-44.33,-22.94],[-44.33,-22.93],[-44.32,-22.93],[-44.33,-22.92],[-44.34,-22.92],[-44.35,-22.92],[-44.36,-22.92],[-44.35,-22.94],[-44.36,-22.94],[-44.36,-22.95],[-44.37,-22.96],[-44.38,-22.96],[-44.38,-22.95],[-44.38,-22.94],[-44.39,-22.94],[-44.4,-22.95],[-44.41,-22.94],[-44.42,-22.95],[-44.44,-22.98],[-44.44,-23.0],[-44.46,-23.01],[-44.49,-23.02],[-44.53,-23.03],[-44.6,-23.06],[-44.6,-23.05],[-44.6,-23.04],[-44.63,-23.04],[-44.66,-23.04],[-44.67,-23.06],[-44.7,-23.11],[-44.69,-23.12],[-44.69,-23.13],[-44.7,-23.14],[-44.71,-23.17],[-44.71,-23.19],[-44.71,-23.21],[-44.69,-23.21],[-44.67,-23.2],[-44.65,-23.19],[-44.63,-23.2],[-44.67,-23.23],[-44.68,-23.25],[-44.67,-23.24],[-44.66,-23.23],[-44.64,-23.23],[-44.62,-23.23],[-44.64,-23.25],[-44.65,-23.26],[-44.65,-23.27],[-44.65,-23.28],[-44.63,-23.26],[-44.61,-23.24],[-44.6,-23.23],[-44.58,-23.23],[-44.56,-23.23],[-44.56,-23.24],[-44.57,-23.24],[-44.58,-23.25],[-44.56,-23.26],[-44.53,-23.27],[-44.51,-23.27],[-44.5,-23.3],[-44.52,-23.29],[-44.54,-23.3],[-44.56,-23.34],[-44.58,-23.35],[-44.6,-23.35],[-44.62,-23.34],[-44.63,-23.34],[-44.65,-23.34],[-44.67,-23.34],[-44.7,-23.34],[-44.73,-23.35],[-44.73,-23.37],[-44.75,-23.37],[-44.77,-23.37],[-44.78,-23.38],[-44.8,-23.37],[-44.81,-23.38],[-44.83,-23.39],[-44.84,-23.39],[-44.85,-23.38],[-44.85,-23.37],[-44.86,-23.36],[-44.87,-23.36],[-44.88,-23.36],[-44.9,-23.36],[-44.89,-23.34],[-44.92,-23.35],[-44.95,-23.37],[-44.96,-23.38],[-44.97,-23.38],[-44.98,-23.39],[-44.98,-23.4],[-44.99,-23.4],[-45.0,-23.4],[-45.01,-23.41],[-45.03,-23.42],[-45.04,-23.42],[-45.04,-23.41],[-45.05,-23.43],[-45.04,-23.44],[-45.02,-23.45],[-45.01,-23.46],[-45.03,-23.46],[-45.05,-23.47],[-45.07,-23.52],[-45.08,-23.5],[-45.09,-23.49],[-45.1,-23.5],[-45.09,-23.52],[-45.1,-23.51],[-45.11,-23.51],[-45.12,-23.5],[-45.14,-23.49],[-45.15,-23.49],[-45.15,-23.5],[-45.15,-23.52],[-45.15,-23.53],[-45.16,-23.53],[-45.18,-23.53],[-45.2,-23.52],[-45.21,-23.54],[-45.2,-23.56],[-45.2,-23.57],[-45.21,-23.58],[-45.22,-23.58],[-45.25,-23.59],[-45.26,-23.59],[-45.28,-23.57],[-45.29,-23.57],[-45.3,-23.57],[-45.31,-23.58],[-45.32,-23.59],[-45.33,-23.6],[-45.35,-23.6],[-45.37,-23.62],[-45.39,-23.62],[-45.41,-23.62],[-45.42,-23.63],[-45.43,-23.64],[-45.43,-23.65],[-45.43,-23.66],[-45.43,-23.69],[-45.43,-23.7],[-45.42,-23.71],[-45.41,-23.71],[-45.41,-23.72],[-45.4,-23.72],[-45.4,-23.73],[-45.41,-23.76],[-45.4,-23.77],[-45.39,-23.78],[-45.39,-23.8],[-45.41,-23.82],[-45.43,-23.83],[-45.44,-23.83],[-45.45,-23.83],[-45.46,-23.83],[-45.46,-23.82],[-45.48,-23.83],[-45.5,-23.84],[-45.51,-23.84],[-45.53,-23.83],[-45.55,-23.8],[-45.57,-23.8],[-45.61,-23.8],[-45.62,-23.8],[-45.63,-23.79],[-45.65,-23.79],[-45.72,-23.77],[-45.78,-23.77],[-45.79,-23.77],[-45.82,-23.76],[-45.86,-23.76],[-45.96,-23.78],[-45.99,-23.79],[-46.01,-23.8],[-46.02,-23.81],[-46.03,-23.83],[-46.04,-23.83],[-46.06,-23.82],[-46.08,-23.83],[-46.1,-23.84],[-46.14,-23.85],[-46.14,-23.84],[-46.15,-23.84],[-46.16,-23.87],[-46.18,-23.89],[-46.21,-23.9],[-46.24,-23.91],[-46.24,-23.92],[-46.21,-23.92],[-46.2,-23.92],[-46.18,-23.91],[-46.15,-23.87],[-46.13,-23.86],[-46.11,-23.86],[-46.15,-23.91],[-46.16,-23.92],[-46.16,-23.94],[-46.17,-23.95],[-46.17,-23.97],[-46.17,-23.98],[-46.18,-23.99],[-46.19,-24.0],[-46.2,-23.99],[-46.21,-23.98],[-46.22,-23.98],[-46.23,-23.99],[-46.25,-24.0],[-46.27,-24.01],[-46.29,-24.02],[-46.32,-24.02],[-46.31,-24.0],[-46.28,-23.99],[-46.28,-23.98],[-46.28,-23.97],[-46.28,-23.96],[-46.29,-23.95],[-46.3,-23.94],[-46.3,-23.93],[-46.31,-23.92],[-46.32,-23.91],[-46.35,-23.9],[-46.36,-23.9],[-46.36,-23.89],[-46.36,-23.88],[-46.39,-23.87],[-46.39,-23.89],[-46.39,-23.9],[-46.4,-23.91],[-46.41,-23.92],[-46.41,-23.93],[-46.43,-23.93],[-46.45,-23.93],[-46.45,-23.94],[-46.44,-23.94],[-46.43,-23.95],[-46.43,-23.96],[-46.42,-23.98],[-46.41,-23.98],[-46.4,-23.98],[-46.39,-23.98],[-46.38,-23.99],[-46.37,-23.99],[-46.37,-24.02],[-46.38,-24.02],[-46.39,-24.03],[-46.39,-24.02],[-46.4,-24.01],[-46.41,-24.01],[-46.47,-24.04],[-46.59,-24.09],[-46.74,-24.18],[-46.85,-24.23],[-46.94,-24.27],[-46.97,-24.3],[-46.99,-24.33],[-47.0,-24.37],[-47.01,-24.37],[-47.01,-24.38],[-47.0,-24.4],[-47.0,-24.41],[-47.02,-24.42],[-47.04,-24.43],[-47.05,-24.43],[-47.05,-24.41],[-47.07,-24.45],[-47.08,-24.45],[-47.1,-24.46],[-47.12,-24.48],[-47.14,-24.49],[-47.18,-24.53],[-47.44,-24.68],[-47.45,-24.68],[-47.47,-24.68],[-47.5,-24.69],[-47.52,-24.69],[-47.53,-24.69],[-47.54,-24.7],[-47.56,-24.71],[-47.58,-24.73],[-47.63,-24.76],[-47.83,-24.89],[-47.84,-24.91],[-47.87,-24.94],[-47.87,-24.95],[-47.88,-24.95],[-47.89,-24.95],[-47.89,-24.96],[-47.93,-25.03],[-47.96,-25.05],[-48.01,-25.04],[-48.0,-25.03],[-47.99,-25.03],[-47.97,-25.03],[-47.96,-25.02],[-47.96,-25.01],[-47.97,-25.01],[-48.02,-25.01],[-48.02,-25.02],[-48.02,-25.03],[-48.03,-25.05],[-48.04,-25.05],[-48.05,-25.04],[-48.05,-25.05],[-48.03,-25.06],[-48.01,-25.07],[-47.99,-25.07],[-47.96,-25.08],[-47.95,-25.08],[-47.94,-25.07],[-47.93,-25.07],[-47.92,-25.06],[-47.9,-25.06],[-47.89,-25.06],[-47.92,-25.16],[-47.95,-25.2],[-48.0,-25.21],[-48.02,-25.23],[-48.07,-25.28],[-48.08,-25.29],[-48.08,-25.31],[-48.09,-25.33],[-48.17,-25.37],[-48.17,-25.38],[-48.2,-25.42],[-48.21,-25.46],[-48.23,-25.46],[-48.24,-25.45],[-48.25,-25.43],[-48.25,-25.41],[-48.22,-25.35],[-48.22,-25.34],[-48.22,-25.33],[-48.21,-25.32],[-48.2,-25.32],[-48.18,-25.31],[-48.14,-25.29],[-48.13,-25.28],[-48.14,-25.27],[-48.15,-25.28],[-48.17,-25.29],[-48.2,-25.3],[-48.22,-25.3],[-48.23,-25.3],[-48.24,-25.32],[-48.25,-25.32],[-48.26,-25.31],[-48.27,-25.3],[-48.28,-25.29],[-48.28,-25.31],[-48.28,-25.32],[-48.29,-25.32],[-48.3,-25.34],[-48.31,-25.35],[-48.32,-25.36],[-48.33,-25.36],[-48.32,-25.32],[-48.33,-25.32],[-48.33,-25.33],[-48.34,-25.32],[-48.33,-25.27],[-48.33,-25.24],[-48.33,-25.23],[-48.34,-25.24],[-48.35,-25.25],[-48.36,-25.26],[-48.36,-25.27],[-48.37,-25.27],[-48.37,-25.28],[-48.36,-25.28],[-48.36,-25.29],[-48.35,-25.29],[-48.35,-25.3],[-48.36,-25.3],[-48.37,-25.3],[-48.38,-25.3],[-48.41,-25.28],[-48.41,-25.27],[-48.42,-25.25],[-48.43,-25.24],[-48.43,-25.26],[-48.44,-25.26],[-48.45,-25.26],[-48.45,-25.25],[-48.46,-25.25],[-48.45,-25.26],[-48.43,-25.32],[-48.45,-25.32],[-48.48,-25.33],[-48.5,-25.33],[-48.5,-25.34],[-48.46,-25.34],[-48.45,-25.35],[-48.43,-25.36],[-48.45,-25.37],[-48.46,-25.38],[-48.45,-25.39],[-48.43,-25.38],[-48.43,-25.39],[-48.42,-25.4],[-48.41,-25.41],[-48.42,-25.43],[-48.43,-25.43],[-48.44,-25.43],[-48.45,-25.43],[-48.45,-25.45],[-48.46,-25.46],[-48.46,-25.47],[-48.47,-25.48],[-48.49,-25.47],[-48.5,-25.47],[-48.52,-25.45],[-48.53,-25.45],[-48.54,-25.45],[-48.55,-25.45],[-48.56,-25.45],[-48.56,-25.46],[-48.58,-25.46],[-48.62,-25.45],[-48.64,-25.44],[-48.68,-25.41],[-48.69,-25.41],[-48.73,-25.36],[-48.74,-25.35],[-48.74,-25.37],[-48.72,-25.41],[-48.72,-25.42],[-48.72,-25.43],[-48.71,-25.43],[-48.7,-25.44],[-48.68,-25.46],[-48.69,-25.47],[-48.71,-25.47],[-48.73,-25.47],[-48.71,-25.5],[-48.68,-25.5],[-48.65,-25.49],[-48.62,-25.5],[-48.62,-25.51],[-48.63,-25.51],[-48.64,-25.5],[-48.65,-25.51],[-48.65,-25.52],[-48.64,-25.52],[-48.63,-25.52],[-48.62,-25.53],[-48.61,-25.54],[-48.6,-25.53],[-48.58,-25.53],[-48.56,-25.53],[-48.52,-25.51],[-48.51,-25.52],[-48.49,-25.54],[-48.47,-25.54],[-48.48,-25.56],[-48.48,-25.55],[-48.49,-25.56],[-48.5,-25.57],[-48.48,-25.58],[-48.47,-25.57],[-48.46,-25.56],[-48.46,-25.55],[-48.44,-25.55],[-48.42,-25.55],[-48.41,-25.56],[-48.39,-25.54],[-48.36,-25.57],[-48.39,-25.6],[-48.43,-25.62],[-48.52,-25.77],[-48.52,-25.8],[-48.54,-25.84],[-48.54,-25.85],[-48.56,-25.84],[-48.57,-25.82],[-48.59,-25.82],[-48.58,-25.8],[-48.59,-25.8],[-48.6,-25.8],[-48.61,-25.81],[-48.62,-25.82],[-48.61,-25.82],[-48.6,-25.82],[-48.59,-25.83],[-48.59,-25.84],[-48.58,-25.85],[-48.65,-25.84],[-48.74,-25.85],[-48.75,-25.86],[-48.76,-25.86],[-48.77,-25.87],[-48.77,-25.88],[-48.77,-25.89],[-48.76,-25.88],[-48.75,-25.88],[-48.74,-25.87],[-48.58,-25.87],[-48.57,-25.87],[-48.57,-25.86],[-48.56,-25.87],[-48.56,-25.88],[-48.56,-25.89],[-48.56,-25.9],[-48.58,-25.96],[-48.59,-26.0],[-48.6,-26.02],[-48.61,-26.04],[-48.61,-26.05],[-48.6,-26.07],[-48.58,-26.16],[-48.58,-26.17],[-48.59,-26.18],[-48.62,-26.19],[-48.63,-26.19],[-48.65,-26.21],[-48.66,-26.23],[-48.67,-26.24],[-48.69,-26.24],[-48.71,-26.23],[-48.73,-26.22],[-48.74,-26.21],[-48.75,-26.19],[-48.75,-26.17],[-48.76,-26.15],[-48.77,-26.13],[-48.77,-26.11],[-48.77,-26.1],[-48.78,-26.09],[-48.79,-26.06],[-48.8,-26.07],[-48.8,-26.09],[-48.78,-26.11],[-48.79,-26.12],[-48.79,-26.14],[-48.79,-26.15],[-48.78,-26.15],[-48.78,-26.16],[-48.77,-26.16],[-48.76,-26.17],[-48.76,-26.18],[-48.76,-26.19],[-48.76,-26.2],[-48.76,-26.23],[-48.76,-26.24],[-48.76,-26.25],[-48.76,-26.26],[-48.77,-26.26],[-48.78,-26.26],[-48.76,-26.29],[-48.77,-26.29],[-48.78,-26.29],[-48.79,-26.3],[-48.8,-26.3],[-48.76,-26.31],[-48.74,-26.32],[-48.73,-26.34],[-48.72,-26.34],[-48.66,-26.37],[-48.65,-26.38],[-48.64,-26.38],[-48.64,-26.4],[-48.64,-26.41],[-48.64,-26.42],[-48.63,-26.43],[-48.62,-26.43],[-48.61,-26.44],[-48.61,-26.46],[-48.66,-26.56],[-48.68,-26.59],[-48.68,-26.66],[-48.68,-26.72],[-48.68,-26.73],[-48.67,-26.74],[-48.63,-26.77],[-48.61,-26.77],[-48.59,-26.76],[-48.58,-26.77],[-48.58,-26.78],[-48.58,-26.79],[-48.6,-26.8],[-48.61,-26.82],[-48.62,-26.84],[-48.63,-26.85],[-48.63,-26.86],[-48.63,-26.9],[-48.62,-26.9],[-48.62,-26.91],[-48.61,-26.92],[-48.62,-26.93],[-48.62,-26.94],[-48.62,-26.97],[-48.62,-26.98],[-48.61,-26.99],[-48.6,-27.0],[-48.59,-27.0],[-48.58,-27.02],[-48.58,-27.03],[-48.59,-27.05],[-48.6,-27.09],[-48.61,-27.1],[-48.59,-27.15],[-48.58,-27.16],[-48.57,-27.16],[-48.55,-27.16],[-48.54,-27.15],[-48.54,-27.14],[-48.53,-27.13],[-48.52,-27.12],[-48.51,-27.13],[-48.5,-27.15],[-48.48,-27.15],[-48.48,-27.17],[-48.49,-27.17],[-48.5,-27.18],[-48.49,-27.2],[-48.49,-27.21],[-48.49,-27.22],[-48.51,-27.22],[-48.52,-27.22],[-48.53,-27.21],[-48.52,-27.21],[-48.51,-27.2],[-48.52,-27.19],[-48.53,-27.18],[-48.54,-27.18],[-48.56,-27.19],[-48.57,-27.2],[-48.61,-27.22],[-48.61,-27.23],[-48.62,-27.24],[-48.62,-27.25],[-48.62,-27.26],[-48.61,-27.3],[-48.61,-27.31],[-48.57,-27.31],[-48.56,-27.32],[-48.55,-27.34],[-48.55,-27.39],[-48.56,-27.37],[-48.57,-27.37],[-48.57,-27.38],[-48.58,-27.38],[-48.58,-27.39],[-48.58,-27.4],[-48.58,-27.42],[-48.59,-27.42],[-48.6,-27.42],[-48.61,-27.43],[-48.63,-27.44],[-48.64,-27.45],[-48.64,-27.46],[-48.65,-27.48],[-48.61,-27.56],[-48.59,-27.56],[-48.58,-27.58],[-48.58,-27.59],[-48.59,-27.61],[-48.59,-27.6],[-48.61,-27.61],[-48.64,-27.63],[-48.65,-27.65],[-48.64,-27.66],[-48.63,-27.68],[-48.63,-27.7],[-48.63,-27.72],[-48.62,-27.73],[-48.61,-27.74],[-48.61,-27.75],[-48.62,-27.76],[-48.63,-27.77],[-48.62,-27.77],[-48.62,-27.78],[-48.58,-27.81],[-48.57,-27.83],[-48.58,-27.84],[-48.59,-27.84],[-48.59,-27.85],[-48.58,-27.86],[-48.57,-27.86],[-48.57,-27.88],[-48.6,-27.92],[-48.61,-27.93],[-48.62,-27.99],[-48.61,-28.01],[-48.61,-28.02],[-48.6,-28.02],[-48.6,-28.03],[-48.6,-28.04],[-48.6,-28.05],[-48.61,-28.06],[-48.62,-28.06],[-48.62,-28.07],[-48.62,-28.08],[-48.63,-28.11],[-48.64,-28.15],[-48.65,-28.19],[-48.66,-28.21],[-48.64,-28.23],[-48.65,-28.25],[-48.69,-28.28],[-48.69,-28.29],[-48.69,-28.31],[-48.7,-28.34],[-48.72,-28.37],[-48.73,-28.38],[-48.74,-28.42],[-48.76,-28.44],[-48.76,-28.46],[-48.76,-28.47],[-48.76,-28.48],[-48.76,-28.49],[-48.77,-28.49],[-48.78,-28.49],[-48.79,-28.47],[-48.8,-28.45],[-48.81,-28.43],[-48.81,-28.41],[-48.79,-28.39],[-48.79,-28.38],[-48.79,-28.37],[-48.82,-28.35],[-48.84,-28.34],[-48.85,-28.32],[-48.86,-28.32],[-48.87,-28.35],[-48.87,-28.36],[-48.86,-28.38],[-48.86,-28.39],[-48.86,-28.4],[-48.87,-28.41],[-48.87,-28.42],[-48.87,-28.43],[-48.86,-28.43],[-48.85,-28.43],[-48.84,-28.43],[-48.84,-28.44],[-48.84,-28.45],[-48.85,-28.45],[-48.85,-28.46],[-48.85,-28.47],[-48.85,-28.48],[-48.84,-28.49],[-48.81,-28.5],[-48.8,-28.51],[-48.79,-28.52],[-48.78,-28.53],[-48.77,-28.52],[-48.76,-28.51],[-48.75,-28.51],[-48.76,-28.53],[-48.77,-28.54],[-48.8,-28.58],[-48.81,-28.6],[-48.82,-28.61],[-48.83,-28.62],[-48.87,-28.62],[-48.88,-28.62],[-48.91,-28.64],[-48.94,-28.65],[-48.96,-28.66],[-48.98,-28.68],[-49.06,-28.72],[-49.34,-28.92],[-49.55,-29.13],[-49.71,-29.32],[-49.81,-29.44],[-49.86,-29.53],[-49.93,-29.63],[-50.0,-29.76],[-50.05,-29.81],[-50.21,-30.2],[-50.25,-30.32],[-50.32,-30.46],[-50.59,-30.85],[-50.59,-30.87],[-50.6,-30.88],[-50.72,-31.04],[-50.83,-31.14],[-50.88,-31.22],[-51.03,-31.38],[-51.15,-31.48],[-51.32,-31.6],[-51.56,-31.78],[-51.86,-31.93],[-51.89,-31.95],[-52.03,-32.11],[-52.07,-32.16],[-52.08,-32.17],[-52.08,-32.15],[-52.08,-32.12],[-52.05,-32.09],[-52.05,-32.07],[-52.04,-32.05],[-52.04,-32.03],[-52.04,-32.01],[-52.06,-31.99],[-52.05,-31.98],[-52.02,-31.97],[-52.01,-31.95],[-52.03,-31.92],[-52.09,-31.86],[-52.09,-31.83],[-52.05,-31.81],[-52.0,-31.82],[-51.92,-31.87],[-51.88,-31.87],[-51.84,-31.85],[-51.81,-31.83],[-51.83,-31.8],[-51.79,-31.79],[-51.74,-31.79],[-51.7,-31.79],[-51.67,-31.77],[-51.56,-31.67],[-51.55,-31.64],[-51.51,-31.62],[-51.51,-31.6],[-51.5,-31.57],[-51.48,-31.58],[-51.46,-31.62],[-51.45,-31.61],[-51.45,-31.6],[-51.46,-31.56],[-51.46,-31.54],[-51.45,-31.52],[-51.43,-31.5],[-51.42,-31.49],[-51.41,-31.52],[-51.38,-31.53],[-51.33,-31.52],[-51.3,-31.5],[-51.29,-31.49],[-51.26,-31.47],[-51.24,-31.46],[-51.21,-31.42],[-51.18,-31.36],[-51.16,-31.29],[-51.15,-31.21],[-51.18,-31.15],[-51.17,-31.14],[-51.16,-31.09],[-51.16,-31.08],[-51.15,-31.07],[-51.13,-31.07],[-51.1,-31.08],[-51.08,-31.08],[-51.05,-31.06],[-51.03,-31.06],[-51.01,-31.06],[-51.01,-31.07],[-51.01,-31.12],[-51.0,-31.13],[-50.99,-31.14],[-50.98,-31.14],[-50.98,-31.13],[-50.97,-31.12],[-50.97,-31.11],[-50.96,-31.1],[-50.95,-31.1],[-50.94,-31.09],[-50.94,-31.08],[-50.95,-31.07],[-50.96,-31.08],[-50.97,-31.07],[-50.99,-31.05],[-50.98,-31.01],[-50.96,-30.97],[-50.96,-30.92],[-50.97,-30.9],[-50.98,-30.89],[-50.97,-30.89],[-50.96,-30.89],[-50.95,-30.89],[-50.94,-30.9],[-50.91,-30.89],[-50.9,-30.89],[-50.82,-30.83],[-50.78,-30.82],[-50.76,-30.82],[-50.74,-30.8],[-50.73,-30.79],[-50.69,-30.73],[-50.68,-30.64],[-50.69,-30.46],[-50.69,-30.45],[-50.71,-30.41],[-50.72,-30.38],[-50.73,-30.37],[-50.73,-30.36],[-50.71,-30.35],[-50.7,-30.35],[-50.69,-30.35],[-50.68,-30.37],[-50.65,-30.39],[-50.64,-30.4],[-50.65,-30.4],[-50.65,-30.41],[-50.65,-30.42],[-50.65,-30.44],[-50.64,-30.46],[-50.62,-30.47],[-50.61,-30.49],[-50.57,-30.46],[-50.57,-30.45],[-50.57,-30.43],[-50.57,-30.41],[-50.57,-30.4],[-50.56,-30.38],[-50.54,-30.32],[-50.54,-30.29],[-50.54,-30.27],[-50.55,-30.25],[-50.58,-30.23],[-50.59,-30.23],[-50.6,-30.2],[-50.6,-30.19],[-50.61,-30.19],[-50.63,-30.18],[-50.64,-30.18],[-50.65,-30.19],[-50.67,-30.22],[-50.68,-30.22],[-50.68,-30.23],[-50.67,-30.23],[-50.66,-30.24],[-50.65,-30.25],[-50.66,-30.26],[-50.66,-30.28],[-50.67,-30.29],[-50.7,-30.29],[-50.76,-30.29],[-50.78,-30.29],[-50.79,-30.3],[-50.8,-30.32],[-50.86,-30.32],[-50.87,-30.32],[-50.9,-30.31],[-50.91,-30.32],[-50.92,-30.33],[-50.93,-30.35],[-50.93,-30.38],[-50.93,-30.4],[-50.92,-30.44],[-50.94,-30.43],[-50.98,-30.4],[-51.0,-30.39],[-51.02,-30.38],[-51.03,-30.38],[-51.04,-30.36],[-51.04,-30.34],[-51.03,-30.33],[-51.03,-30.32],[-51.02,-30.31],[-51.01,-30.3],[-51.01,-30.28],[-51.02,-30.26],[-51.03,-30.26],[-51.05,-30.27],[-51.06,-30.24],[-51.08,-30.24],[-51.1,-30.24],[-51.11,-30.25],[-51.12,-30.26],[-51.14,-30.25],[-51.18,-30.22],[-51.17,-30.21],[-51.18,-30.2],[-51.21,-30.19],[-51.22,-30.19],[-51.23,-30.19],[-51.24,-30.18],[-51.22,-30.16],[-51.22,-30.14],[-51.23,-30.12],[-51.24,-30.12],[-51.25,-30.11],[-51.25,-30.09],[-51.24,-30.06],[-51.24,-30.04],[-51.26,-30.05],[-51.26,-30.03],[-51.26,-30.01],[-51.27,-30.0],[-51.28,-30.01],[-51.29,-30.01],[-51.28,-30.02],[-51.29,-30.03],[-51.3,-30.06],[-51.31,-30.07],[-51.3,-30.08],[-51.29,-30.08],[-51.29,-30.09],[-51.3,-30.1],[-51.3,-30.13],[-51.3,-30.14],[-51.31,-30.15],[-51.31,-30.17],[-51.31,-30.18],[-51.31,-30.19],[-51.31,-30.2],[-51.33,-30.22],[-51.32,-30.22],[-51.3,-30.22],[-51.29,-30.22],[-51.28,-30.22],[-51.26,-30.24],[-51.29,-30.27],[-51.28,-30.29],[-51.25,-30.3],[-51.24,-30.31],[-51.23,-30.31],[-51.21,-30.29],[-51.2,-30.29],[-51.2,-30.31],[-51.2,-30.34],[-51.19,-30.36],[-51.17,-30.36],[-51.11,-30.35],[-51.09,-30.34],[-51.09,-30.35],[-51.1,-30.37],[-51.1,-30.39],[-51.11,-30.4],[-51.13,-30.41],[-51.14,-30.41],[-51.15,-30.4],[-51.16,-30.4],[-51.2,-30.4],[-51.23,-30.43],[-51.25,-30.46],[-51.28,-30.54],[-51.29,-30.58],[-51.29,-30.62],[-51.29,-30.67],[-51.27,-30.73],[-51.26,-30.76],[-51.27,-30.78],[-51.28,-30.8],[-51.3,-30.8],[-51.31,-30.77],[-51.29,-30.77],[-51.29,-30.74],[-51.31,-30.68],[-51.32,-30.64],[-51.33,-30.64],[-51.36,-30.64],[-51.38,-30.64],[-51.38,-30.66],[-51.38,-30.78],[-51.38,-30.79],[-51.37,-30.83],[-51.36,-30.85],[-51.36,-30.88],[-51.37,-30.89],[-51.41,-30.88],[-51.44,-30.88],[-51.46,-30.89],[-51.47,-30.9],[-51.48,-30.92],[-51.49,-30.97],[-51.48,-31.01],[-51.47,-31.05],[-51.44,-31.08],[-51.57,-31.12],[-51.59,-31.12],[-51.62,-31.14],[-51.64,-31.17],[-51.65,-31.21],[-51.65,-31.24],[-51.64,-31.25],[-51.64,-31.26],[-51.65,-31.26],[-51.66,-31.26],[-51.67,-31.25],[-51.68,-31.25],[-51.69,-31.26],[-51.71,-31.27],[-51.74,-31.27],[-51.78,-31.27],[-51.8,-31.27],[-51.82,-31.27],[-51.84,-31.28],[-51.86,-31.31],[-51.88,-31.31],[-51.9,-31.31],[-51.92,-31.31],[-51.93,-31.31],[-51.93,-31.32],[-51.94,-31.33],[-51.95,-31.33],[-51.96,-31.33],[-51.96,-31.34],[-51.96,-31.35],[-51.95,-31.36],[-51.94,-31.36],[-51.95,-31.37],[-51.99,-31.39],[-51.99,-31.4],[-52.0,-31.41],[-52.0,-31.43],[-52.0,-31.5],[-52.0,-31.51],[-52.0,-31.53],[-52.0,-31.54],[-52.0,-31.55],[-51.99,-31.57],[-51.98,-31.57],[-52.0,-31.62],[-52.0,-31.64],[-52.01,-31.65],[-52.01,-31.64],[-52.03,-31.62],[-52.03,-31.59],[-52.03,-31.58],[-52.04,-31.57],[-52.05,-31.57],[-52.05,-31.56],[-52.06,-31.56],[-52.07,-31.55],[-52.08,-31.56],[-52.09,-31.57],[-52.09,-31.58],[-52.09,-31.61],[-52.08,-31.61],[-52.06,-31.61],[-52.05,-31.61],[-52.04,-31.62],[-52.05,-31.64],[-52.06,-31.67],[-52.08,-31.68],[-52.1,-31.69],[-52.2,-31.73],[-52.22,-31.74],[-52.22,-31.76],[-52.22,-31.77],[-52.21,-31.79],[-52.21,-31.8],[-52.21,-31.81],[-52.22,-31.82],[-52.22,-31.83],[-52.22,-31.84],[-52.25,-31.84],[-52.25,-31.86],[-52.24,-31.88],[-52.21,-31.87],[-52.19,-31.89],[-52.18,-31.9],[-52.16,-31.91],[-52.15,-31.91],[-52.14,-31.92],[-52.13,-31.93],[-52.14,-31.94],[-52.15,-31.94],[-52.17,-31.94],[-52.18,-31.94],[-52.2,-31.95],[-52.22,-31.96],[-52.24,-31.97],[-52.25,-31.98],[-52.25,-32.02],[-52.25,-32.04],[-52.26,-32.05],[-52.23,-32.05],[-52.21,-32.06],[-52.21,-32.07],[-52.24,-32.08],[-52.21,-32.09],[-52.18,-32.08],[-52.15,-32.07],[-52.14,-32.05],[-52.14,-32.04],[-52.12,-32.03],[-52.11,-32.03],[-52.09,-32.03],[-52.08,-32.03],[-52.08,-32.04],[-52.1,-32.05],[-52.15,-32.08],[-52.17,-32.1],[-52.16,-32.12],[-52.14,-32.12],[-52.1,-32.08],[-52.09,-32.07],[-52.1,-32.11],[-52.1,-32.12],[-52.09,-32.15],[-52.09,-32.17],[-52.13,-32.18],[-52.23,-32.25],[-52.25,-32.28],[-52.38,-32.5],[-52.44,-32.69],[-52.47,-32.8],[-52.62,-33.1],[-52.64,-33.14],[-52.74,-33.25],[-52.82,-33.32],[-52.92,-33.4],[-53.09,-33.53],[-53.19,-33.62],[-53.27,-33.68],[-53.38,-33.74],[-53.41,-33.74],[-53.42,-33.73],[-53.43,-33.71],[-53.44,-33.7],[-53.46,-33.69],[-53.47,-33.69],[-53.49,-33.69],[-53.51,-33.69],[-53.54,-33.65],[-53.54,-33.56],[-53.51,-33.39],[-53.54,-33.24],[-53.54,-33.17],[-53.52,-33.12],[-53.51,-33.1],[-53.48,-33.07],[-53.45,-33.04],[-53.33,-32.97],[-53.32,-32.96],[-53.31,-32.94],[-53.31,-32.91],[-53.3,-32.89],[-53.27,-32.86],[-53.2,-32.82],[-53.18,-32.8],[-53.16,-32.78],[-53.13,-32.75],[-53.11,-32.74],[-53.11,-32.72],[-53.12,-32.71],[-53.19,-32.65],[-53.2,-32.64],[-53.23,-32.62],[-53.27,-32.61],[-53.3,-32.61],[-53.32,-32.6],[-53.36,-32.58],[-53.42,-32.56],[-53.47,-32.51],[-53.54,-32.47],[-53.56,-32.45],[-53.58,-32.43],[-53.6,-32.4],[-53.61,-32.39],[-53.63,-32.37],[-53.64,-32.36],[-53.65,-32.34],[-53.65,-32.29],[-53.66,-32.25],[-53.67,-32.23],[-53.72,-32.16],[-53.75,-32.1],[-53.75,-32.07],[-53.76,-32.06],[-53.77,-32.05],[-53.83,-32.04],[-53.86,-32.02],[-53.87,-32.01],[-53.88,-32.0],[-53.89,-31.99],[-53.89,-31.98],[-53.89,-31.97],[-53.91,-31.96],[-53.93,-31.94],[-53.95,-31.94],[-53.97,-31.93],[-54.0,-31.93],[-54.01,-31.93],[-54.02,-31.92],[-54.03,-31.9],[-54.05,-31.89],[-54.07,-31.88],[-54.09,-31.88],[-54.11,-31.88],[-54.13,-31.9],[-54.14,-31.91],[-54.15,-31.91],[-54.17,-31.9],[-54.22,-31.86],[-54.27,-31.82],[-54.34,-31.77],[-54.37,-31.74],[-54.4,-31.71],[-54.44,-31.69],[-54.46,-31.67],[-54.47,-31.66],[-54.48,-31.64],[-54.48,-31.6],[-54.48,-31.58],[-54.5,-31.57],[-54.51,-31.55],[-54.56,-31.52],[-54.57,-31.5],[-54.59,-31.47],[-54.6,-31.46],[-54.62,-31.46],[-54.65,-31.46],[-54.82,-31.44],[-54.85,-31.43],[-54.86,-31.42],[-54.88,-31.41],[-54.89,-31.39],[-54.9,-31.38],[-54.94,-31.37],[-54.97,-31.34],[-55.0,-31.31],[-55.01,-31.29],[-55.03,-31.27],[-55.04,-31.27],[-55.06,-31.3],[-55.07,-31.32],[-55.09,-31.33],[-55.1,-31.32],[-55.12,-31.31],[-55.17,-31.28],[-55.19,-31.27],[-55.23,-31.25],[-55.24,-31.24],[-55.26,-31.23],[-55.27,-31.21],[-55.28,-31.17],[-55.29,-31.15],[-55.33,-31.13],[-55.34,-31.13],[-55.34,-31.11],[-55.35,-31.07],[-55.35,-31.06],[-55.37,-31.04],[-55.44,-30.97],[-55.49,-30.93],[-55.51,-30.91],[-55.53,-30.89],[-55.56,-30.88],[-55.59,-30.85],[-55.61,-30.84],[-55.63,-30.85],[-55.65,-30.86],[-55.65,-30.88],[-55.65,-30.92],[-55.65,-30.94],[-55.67,-30.95],[-55.69,-30.95],[-55.71,-30.94],[-55.73,-30.95],[-55.74,-30.96],[-55.76,-30.99],[-55.76,-31.01],[-55.78,-31.02],[-55.82,-31.04],[-55.83,-31.05],[-55.84,-31.06],[-55.85,-31.07],[-55.86,-31.08],[-55.89,-31.08],[-55.92,-31.08],[-55.99,-31.08],[-56.01,-31.08],[-56.02,-31.07],[-56.02,-31.05],[-56.02,-31.0],[-56.02,-30.93],[-56.01,-30.91],[-55.99,-30.89],[-55.99,-30.86],[-56.0,-30.83],[-56.01,-30.8],[-56.08,-30.75],[-56.09,-30.74],[-56.13,-30.68],[-56.13,-30.67],[-56.14,-30.66],[-56.16,-30.65],[-56.17,-30.65],[-56.18,-30.64],[-56.18,-30.63],[-56.18,-30.61],[-56.22,-30.58],[-56.24,-30.57],[-56.27,-30.55],[-56.33,-30.51],[-56.37,-30.49],[-56.39,-30.48],[-56.4,-30.46],[-56.42,-30.42],[-56.44,-30.41],[-56.49,-30.38],[-56.51,-30.37],[-56.52,-30.36],[-56.56,-30.32],[-56.57,-30.31],[-56.58,-30.3],[-56.59,-30.3],[-56.6,-30.3],[-56.61,-30.3],[-56.62,-30.29],[-56.63,-30.28],[-56.63,-30.27],[-56.63,-30.25],[-56.64,-30.23],[-56.66,-30.22],[-56.67,-30.21],[-56.7,-30.2],[-56.77,-30.16],[-56.78,-30.15],[-56.8,-30.12],[-56.83,-30.1],[-56.87,-30.1],[-56.91,-30.11],[-56.95,-30.1],[-56.97,-30.1],[-57.01,-30.1],[-57.02,-30.11],[-57.04,-30.11],[-57.05,-30.11],[-57.07,-30.11],[-57.08,-30.11],[-57.1,-30.12],[-57.13,-30.15],[-57.15,-30.18],[-57.16,-30.21],[-57.16,-30.24],[-57.18,-30.27],[-57.21,-30.29],[-57.25,-30.29],[-57.26,-30.28],[-57.27,-30.28],[-57.28,-30.28],[-57.29,-30.29],[-57.3,-30.29],[-57.31,-30.29],[-57.32,-30.28],[-57.33,-30.27],[-57.35,-30.27],[-57.37,-30.28],[-57.39,-30.29],[-57.4,-30.3],[-57.41,-30.3],[-57.43,-30.28],[-57.44,-30.27],[-57.47,-30.27],[-57.51,-30.28],[-57.54,-30.27],[-57.57,-30.26],[-57.59,-30.2],[-57.6,-30.19]]],[[[-38.94,-13.39],[-38.92,-13.38],[-38.91,-13.39],[-38.9,-13.45],[-38.9,-13.47],[-38.92,-13.48],[-38.91,-13.5],[-38.91,-13.51],[-38.92,-13.52],[-38.93,-13.54],[-38.93,-13.56],[-38.93,-13.57],[-38.92,-13.58],[-38.91,-13.59],[-38.91,-13.6],[-38.91,-13.61],[-38.91,-13.62],[-38.9,-13.63],[-38.89,-13.64],[-38.9,-13.67],[-38.91,-13.67],[-38.92,-13.67],[-38.92,-13.66],[-38.94,-13.66],[-38.95,-13.66],[-38.96,-13.63],[-38.98,-13.6],[-38.99,-13.57],[-38.98,-13.56],[-38.98,-13.55],[-38.98,-13.52],[-38.97,-13.51],[-38.97,-13.5],[-38.98,-13.49],[-39.03,-13.47],[-39.05,-13.46],[-39.03,-13.44],[-39.04,-13.42],[-39.04,-13.41],[-39.03,-13.39],[-39.02,-13.39],[-39.0,-13.39],[-38.98,-13.39],[-38.97,-13.4],[-38.94,-13.39]]],[[[-38.61,-12.92],[-38.59,-12.96],[-38.59,-12.99],[-38.6,-13.0],[-38.62,-13.0],[-38.64,-13.01],[-38.68,-13.04],[-38.72,-13.07],[-38.74,-13.09],[-38.75,-13.11],[-38.76,-13.12],[-38.77,-13.12],[-38.78,-13.13],[-38.79,-13.13],[-38.79,-13.12],[-38.79,-13.08],[-38.79,-13.06],[-38.78,-13.05],[-38.76,-13.04],[-38.73,-13.02],[-38.67,-12.96],[-38.68,-12.95],[-38.68,-12.94],[-38.67,-12.94],[-38.67,-12.92],[-38.68,-12.91],[-38.69,-12.9],[-38.7,-12.88],[-38.68,-12.87],[-38.64,-12.89],[-38.62,-12.91],[-38.61,-12.92]]],[[[-44.5,-2.81],[-44.51,-2.81],[-44.52,-2.82],[-44.51,-2.83],[-44.51,-2.82],[-44.48,-2.79],[-44.49,-2.87],[-44.49,-2.89],[-44.5,-2.9],[-44.51,-2.92],[-44.5,-2.95],[-44.52,-2.96],[-44.54,-2.97],[-44.56,-3.0],[-44.59,-3.04],[-44.58,-3.05],[-44.59,-3.05],[-44.59,-3.06],[-44.6,-3.06],[-44.6,-3.05],[-44.6,-3.04],[-44.6,-3.03],[-44.6,-3.02],[-44.59,-3.0],[-44.58,-2.99],[-44.58,-2.98],[-44.57,-2.96],[-44.57,-2.93],[-44.56,-2.92],[-44.57,-2.9],[-44.58,-2.86],[-44.59,-2.85],[-44.58,-2.83],[-44.58,-2.8],[-44.55,-2.74],[-44.53,-2.73],[-44.48,-2.7],[-44.48,-2.76],[-44.5,-2.81]]],[[[-42.04,-2.7],[-42.04,-2.72],[-42.03,-2.73],[-42.03,-2.74],[-42.04,-2.75],[-42.05,-2.76],[-42.07,-2.76],[-42.09,-2.76],[-42.09,-2.75],[-42.1,-2.74],[-42.09,-2.74],[-42.08,-2.74],[-42.08,-2.73],[-42.1,-2.73],[-42.11,-2.72],[-42.1,-2.7],[-42.12,-2.71],[-42.14,-2.7],[-42.19,-2.68],[-42.17,-2.67],[-42.09,-2.68],[-42.07,-2.68],[-42.06,-2.7],[-42.05,-2.71],[-42.04,-2.71],[-42.04,-2.7]]],[[[-43.63,-2.25],[-43.61,-2.26],[-43.6,-2.27],[-43.6,-2.28],[-43.61,-2.3],[-43.63,-2.32],[-43.63,-2.33],[-43.63,-2.36],[-43.63,-2.38],[-43.64,-2.38],[-43.64,-2.39],[-43.63,-2.4],[-43.64,-2.4],[-43.66,-2.4],[-43.68,-2.4],[-43.69,-2.4],[-43.69,-2.41],[-43.7,-2.41],[-43.7,-2.42],[-43.71,-2.43],[-43.72,-2.42],[-43.73,-2.42],[-43.74,-2.41],[-43.74,-2.4],[-43.73,-2.37],[-43.73,-2.35],[-43.74,-2.33],[-43.73,-2.32],[-43.72,-2.29],[-43.7,-2.27],[-43.68,-2.26],[-43.67,-2.26],[-43.66,-2.26],[-43.64,-2.25],[-43.63,-2.25]]],[[[-49.29,-1.76],[-49.28,-1.77],[-49.28,-1.79],[-49.29,-1.8],[-49.3,-1.81],[-49.31,-1.82],[-49.33,-1.85],[-49.36,-1.88],[-49.37,-1.9],[-49.39,-1.89],[-49.43,-1.88],[-49.44,-1.87],[-49.45,-1.85],[-49.45,-1.84],[-49.42,-1.81],[-49.42,-1.8],[-49.42,-1.78],[-49.41,-1.78],[-49.4,-1.77],[-49.37,-1.75],[-49.35,-1.72],[-49.34,-1.71],[-49.32,-1.72],[-49.32,-1.73],[-49.31,-1.74],[-49.3,-1.75],[-49.29,-1.76]]],[[[-44.89,-1.27],[-44.88,-1.29],[-44.88,-1.3],[-44.89,-1.33],[-44.9,-1.32],[-44.9,-1.31],[-44.91,-1.31],[-44.92,-1.31],[-44.91,-1.32],[-44.91,-1.33],[-44.9,-1.33],[-44.91,-1.34],[-44.91,-1.35],[-44.92,-1.35],[-44.93,-1.36],[-44.93,-1.37],[-44.94,-1.37],[-44.95,-1.37],[-44.96,-1.37],[-44.96,-1.39],[-44.98,-1.4],[-45.0,-1.39],[-45.02,-1.38],[-45.03,-1.36],[-45.03,-1.34],[-45.02,-1.32],[-45.02,-1.31],[-45.0,-1.32],[-45.0,-1.33],[-44.99,-1.34],[-45.0,-1.35],[-44.98,-1.32],[-44.98,-1.3],[-44.99,-1.29],[-44.99,-1.28],[-44.98,-1.27],[-44.97,-1.26],[-44.95,-1.27],[-44.94,-1.27],[-44.93,-1.26],[-44.92,-1.26],[-44.91,-1.26],[-44.89,-1.27]]],[[[-48.34,-1.07],[-48.32,-1.08],[-48.31,-1.11],[-48.3,-1.13],[-48.32,-1.16],[-48.32,-1.18],[-48.32,-1.19],[-48.33,-1.21],[-48.35,-1.21],[-48.36,-1.21],[-48.38,-1.22],[-48.39,-1.21],[-48.39,-1.2],[-48.39,-1.19],[-48.4,-1.2],[-48.41,-1.2],[-48.43,-1.18],[-48.45,-1.17],[-48.46,-1.16],[-48.47,-1.16],[-48.46,-1.14],[-48.43,-1.12],[-48.42,-1.08],[-48.41,-1.07],[-48.38,-1.07],[-48.34,-1.07]]],[[[-48.19,-0.82],[-48.16,-0.85],[-48.16,-0.87],[-48.18,-0.87],[-48.16,-0.89],[-48.16,-0.92],[-48.19,-0.98],[-48.2,-1.01],[-48.21,-1.02],[-48.22,-1.02],[-48.24,-1.03],[-48.29,-1.02],[-48.31,-1.02],[-48.32,-1.01],[-48.32,-0.99],[-48.32,-0.97],[-48.31,-0.95],[-48.28,-0.92],[-48.27,-0.9],[-48.25,-0.86],[-48.25,-0.85],[-48.24,-0.84],[-48.19,-0.82]]],[[[-47.95,-0.64],[-47.94,-0.64],[-47.91,-0.64],[-47.9,-0.65],[-47.89,-0.67],[-47.9,-0.69],[-47.92,-0.71],[-47.96,-0.73],[-47.96,-0.72],[-47.98,-0.69],[-47.98,-0.68],[-47.98,-0.67],[-47.97,-0.67],[-47.97,-0.66],[-47.98,-0.65],[-47.98,-0.64],[-47.97,-0.64],[-47.97,-0.63],[-47.96,-0.63],[-47.95,-0.64]]],[[[-50.82,-0.62],[-50.81,-0.66],[-50.81,-0.67],[-50.82,-0.7],[-50.84,-0.72],[-50.87,-0.72],[-50.91,-0.72],[-50.93,-0.73],[-50.98,-0.77],[-51.0,-0.78],[-51.03,-0.78],[-51.05,-0.8],[-51.08,-0.81],[-51.09,-0.83],[-51.1,-0.83],[-51.11,-0.81],[-51.11,-0.78],[-51.11,-0.76],[-51.1,-0.73],[-51.08,-0.7],[-51.07,-0.69],[-51.07,-0.68],[-51.06,-0.68],[-51.05,-0.68],[-51.04,-0.68],[-51.02,-0.67],[-50.98,-0.63],[-50.96,-0.61],[-50.91,-0.58],[-50.86,-0.57],[-50.88,-0.6],[-50.88,-0.61],[-50.87,-0.61],[-50.84,-0.56],[-50.84,-0.57],[-50.83,-0.57],[-50.83,-0.58],[-50.82,-0.62]]],[[[-47.66,-0.58],[-47.65,-0.59],[-47.64,-0.61],[-47.64,-0.63],[-47.65,-0.65],[-47.64,-0.66],[-47.64,-0.68],[-47.64,-0.69],[-47.65,-0.7],[-47.66,-0.71],[-47.69,-0.71],[-47.7,-0.71],[-47.7,-0.69],[-47.7,-0.67],[-47.72,-0.64],[-47.75,-0.62],[-47.75,-0.61],[-47.76,-0.58],[-47.76,-0.57],[-47.75,-0.56],[-47.74,-0.55],[-47.73,-0.54],[-47.72,-0.55],[-47.71,-0.56],[-47.7,-0.58],[-47.69,-0.58],[-47.66,-0.58]]],[[[-51.19,-0.61],[-51.16,-0.62],[-51.15,-0.64],[-51.15,-0.66],[-51.16,-0.68],[-51.22,-0.8],[-51.23,-0.84],[-51.25,-0.96],[-51.27,-1.02],[-51.28,-1.03],[-51.29,-1.03],[-51.31,-1.0],[-51.33,-1.01],[-51.41,-1.15],[-51.43,-1.19],[-51.56,-1.29],[-51.6,-1.31],[-51.61,-1.32],[-51.62,-1.32],[-51.63,-1.33],[-51.63,-1.34],[-51.66,-1.35],[-51.67,-1.35],[-51.67,-1.36],[-51.67,-1.37],[-51.68,-1.37],[-51.68,-1.38],[-51.7,-1.38],[-51.74,-1.42],[-51.79,-1.45],[-51.81,-1.46],[-51.85,-1.46],[-51.89,-1.48],[-51.91,-1.48],[-51.93,-1.47],[-51.94,-1.46],[-51.95,-1.42],[-51.94,-1.39],[-51.9,-1.34],[-51.9,-1.33],[-51.89,-1.31],[-51.89,-1.27],[-51.88,-1.26],[-51.87,-1.24],[-51.81,-1.19],[-51.8,-1.19],[-51.8,-1.18],[-51.79,-1.16],[-51.78,-1.15],[-51.77,-1.15],[-51.75,-1.15],[-51.72,-1.13],[-51.68,-1.1],[-51.67,-1.06],[-51.69,-1.02],[-51.69,-0.88],[-51.68,-0.85],[-51.62,-0.79],[-51.58,-0.7],[-51.56,-0.66],[-51.53,-0.63],[-51.51,-0.61],[-51.45,-0.57],[-51.44,-0.56],[-51.42,-0.55],[-51.37,-0.53],[-51.35,-0.53],[-51.36,-0.54],[-51.36,-0.56],[-51.37,-0.58],[-51.37,-0.6],[-51.37,-0.61],[-51.37,-0.62],[-51.37,-0.63],[-51.38,-0.64],[-51.39,-0.65],[-51.38,-0.65],[-51.37,-0.64],[-51.35,-0.63],[-51.35,-0.61],[-51.35,-0.6],[-51.35,-0.59],[-51.35,-0.58],[-51.34,-0.57],[-51.34,-0.59],[-51.33,-0.59],[-51.33,-0.57],[-51.33,-0.58],[-51.32,-0.59],[-51.31,-0.59],[-51.3,-0.59],[-51.32,-0.56],[-51.33,-0.55],[-51.33,-0.54],[-51.33,-0.53],[-51.32,-0.53],[-51.32,-0.52],[-51.31,-0.52],[-51.25,-0.53],[-51.24,-0.54],[-51.22,-0.56],[-51.2,-0.6],[-51.19,-0.61]]],[[[-51.17,-0.14],[-51.12,-0.14],[-51.12,-0.15],[-51.13,-0.15],[-51.13,-0.16],[-51.14,-0.18],[-51.13,-0.2],[-51.14,-0.21],[-51.15,-0.23],[-51.15,-0.26],[-51.17,-0.31],[-51.2,-0.34],[-51.28,-0.4],[-51.34,-0.43],[-51.38,-0.46],[-51.39,-0.47],[-51.41,-0.46],[-51.4,-0.44],[-51.39,-0.42],[-51.38,-0.42],[-51.36,-0.41],[-51.35,-0.39],[-51.34,-0.38],[-51.33,-0.37],[-51.26,-0.22],[-51.24,-0.2],[-51.23,-0.18],[-51.2,-0.17],[-51.19,-0.17],[-51.18,-0.16],[-51.17,-0.14]]],[[[-48.46,-0.58],[-48.47,-0.59],[-48.48,-0.63],[-48.48,-0.65],[-48.49,-0.66],[-48.5,-0.68],[-48.49,-0.68],[-48.49,-0.7],[-48.49,-0.72],[-48.5,-0.74],[-48.52,-0.73],[-48.54,-0.72],[-48.57,-0.68],[-48.56,-0.71],[-48.54,-0.74],[-48.52,-0.77],[-48.54,-0.8],[-48.53,-0.82],[-48.52,-0.85],[-48.53,-0.87],[-48.54,-0.89],[-48.56,-0.91],[-48.61,-0.93],[-48.63,-0.95],[-48.63,-0.96],[-48.63,-0.97],[-48.65,-0.99],[-48.66,-1.0],[-48.67,-1.0],[-48.65,-1.01],[-48.64,-1.01],[-48.63,-1.01],[-48.63,-1.02],[-48.63,-1.03],[-48.65,-1.05],[-48.63,-1.05],[-48.63,-1.06],[-48.64,-1.08],[-48.66,-1.09],[-48.67,-1.1],[-48.72,-1.13],[-48.74,-1.14],[-48.76,-1.15],[-48.8,-1.19],[-48.82,-1.2],[-48.85,-1.2],[-48.88,-1.18],[-48.9,-1.16],[-48.91,-1.13],[-48.92,-1.14],[-48.91,-1.16],[-48.89,-1.18],[-48.88,-1.2],[-48.86,-1.2],[-48.84,-1.21],[-48.84,-1.23],[-48.84,-1.25],[-48.87,-1.24],[-48.87,-1.25],[-48.85,-1.25],[-48.82,-1.25],[-48.81,-1.26],[-48.8,-1.27],[-48.79,-1.28],[-48.8,-1.34],[-48.83,-1.42],[-48.84,-1.42],[-48.86,-1.4],[-48.94,-1.3],[-48.96,-1.28],[-48.99,-1.29],[-48.96,-1.3],[-48.95,-1.31],[-48.95,-1.32],[-48.98,-1.33],[-48.98,-1.34],[-48.98,-1.35],[-48.98,-1.36],[-48.98,-1.37],[-48.99,-1.37],[-48.98,-1.37],[-48.95,-1.35],[-48.93,-1.35],[-48.93,-1.36],[-48.93,-1.38],[-48.92,-1.39],[-48.9,-1.39],[-48.89,-1.4],[-48.89,-1.41],[-48.88,-1.42],[-48.87,-1.42],[-48.84,-1.44],[-48.84,-1.45],[-48.86,-1.45],[-48.87,-1.46],[-48.89,-1.47],[-48.9,-1.48],[-48.91,-1.49],[-48.91,-1.5],[-48.92,-1.5],[-48.94,-1.49],[-48.95,-1.5],[-48.96,-1.51],[-48.97,-1.51],[-49.02,-1.52],[-49.04,-1.53],[-49.05,-1.53],[-49.07,-1.53],[-49.07,-1.52],[-49.07,-1.51],[-49.08,-1.51],[-49.09,-1.51],[-49.1,-1.51],[-49.11,-1.5],[-49.12,-1.46],[-49.13,-1.45],[-49.15,-1.41],[-49.15,-1.4],[-49.18,-1.4],[-49.19,-1.4],[-49.19,-1.39],[-49.2,-1.39],[-49.21,-1.39],[-49.19,-1.41],[-49.18,-1.43],[-49.18,-1.45],[-49.2,-1.53],[-49.2,-1.55],[-49.18,-1.57],[-49.19,-1.57],[-49.2,-1.57],[-49.2,-1.56],[-49.21,-1.57],[-49.22,-1.57],[-49.23,-1.57],[-49.22,-1.58],[-49.21,-1.58],[-49.2,-1.59],[-49.2,-1.6],[-49.19,-1.59],[-49.18,-1.59],[-49.17,-1.59],[-49.19,-1.61],[-49.22,-1.62],[-49.26,-1.62],[-49.27,-1.62],[-49.29,-1.62],[-49.31,-1.6],[-49.33,-1.59],[-49.35,-1.57],[-49.39,-1.54],[-49.39,-1.53],[-49.39,-1.51],[-49.39,-1.5],[-49.38,-1.49],[-49.39,-1.48],[-49.39,-1.5],[-49.41,-1.52],[-49.41,-1.54],[-49.41,-1.56],[-49.38,-1.59],[-49.35,-1.61],[-49.36,-1.64],[-49.37,-1.65],[-49.41,-1.64],[-49.42,-1.63],[-49.44,-1.64],[-49.47,-1.62],[-49.48,-1.6],[-49.48,-1.57],[-49.49,-1.56],[-49.5,-1.5],[-49.51,-1.5],[-49.52,-1.5],[-49.53,-1.5],[-49.52,-1.51],[-49.51,-1.52],[-49.5,-1.54],[-49.5,-1.59],[-49.51,-1.58],[-49.52,-1.58],[-49.51,-1.59],[-49.51,-1.61],[-49.52,-1.62],[-49.53,-1.63],[-49.55,-1.63],[-49.56,-1.65],[-49.55,-1.66],[-49.54,-1.68],[-49.56,-1.68],[-49.55,-1.69],[-49.54,-1.7],[-49.55,-1.72],[-49.56,-1.72],[-49.6,-1.72],[-49.62,-1.72],[-49.65,-1.76],[-49.67,-1.77],[-49.69,-1.77],[-49.71,-1.75],[-49.72,-1.72],[-49.73,-1.68],[-49.75,-1.65],[-49.75,-1.64],[-49.75,-1.62],[-49.74,-1.6],[-49.74,-1.58],[-49.75,-1.6],[-49.76,-1.63],[-49.76,-1.65],[-49.76,-1.67],[-49.73,-1.73],[-49.73,-1.74],[-49.73,-1.75],[-49.73,-1.76],[-49.74,-1.77],[-49.74,-1.78],[-49.78,-1.81],[-49.8,-1.82],[-49.81,-1.82],[-49.82,-1.82],[-49.83,-1.81],[-49.84,-1.8],[-49.85,-1.79],[-49.86,-1.79],[-49.88,-1.79],[-49.89,-1.79],[-49.91,-1.78],[-49.92,-1.77],[-49.93,-1.76],[-49.95,-1.76],[-49.97,-1.75],[-49.98,-1.74],[-50.0,-1.75],[-50.01,-1.74],[-50.03,-1.72],[-50.03,-1.71],[-50.03,-1.66],[-50.05,-1.66],[-50.05,-1.68],[-50.05,-1.7],[-50.06,-1.72],[-50.09,-1.74],[-50.09,-1.75],[-50.16,-1.78],[-50.17,-1.77],[-50.18,-1.76],[-50.19,-1.75],[-50.22,-1.74],[-50.23,-1.72],[-50.24,-1.71],[-50.23,-1.63],[-50.24,-1.62],[-50.25,-1.62],[-50.26,-1.61],[-50.27,-1.61],[-50.28,-1.6],[-50.28,-1.59],[-50.27,-1.59],[-50.26,-1.58],[-50.25,-1.56],[-50.25,-1.54],[-50.26,-1.53],[-50.26,-1.52],[-50.26,-1.51],[-50.26,-1.49],[-50.26,-1.48],[-50.28,-1.5],[-50.28,-1.51],[-50.26,-1.55],[-50.26,-1.56],[-50.27,-1.56],[-50.27,-1.57],[-50.28,-1.57],[-50.29,-1.58],[-50.29,-1.59],[-50.29,-1.6],[-50.28,-1.61],[-50.26,-1.63],[-50.24,-1.64],[-50.25,-1.66],[-50.25,-1.68],[-50.26,-1.73],[-50.26,-1.74],[-50.27,-1.74],[-50.27,-1.72],[-50.3,-1.66],[-50.31,-1.66],[-50.29,-1.73],[-50.28,-1.76],[-50.29,-1.77],[-50.32,-1.78],[-50.34,-1.78],[-50.37,-1.77],[-50.34,-1.78],[-50.31,-1.79],[-50.3,-1.8],[-50.32,-1.82],[-50.35,-1.83],[-50.38,-1.83],[-50.41,-1.83],[-50.56,-1.8],[-50.57,-1.79],[-50.6,-1.78],[-50.6,-1.77],[-50.61,-1.76],[-50.6,-1.75],[-50.59,-1.73],[-50.57,-1.73],[-50.59,-1.68],[-50.74,-1.53],[-50.76,-1.51],[-50.76,-1.49],[-50.77,-1.48],[-50.8,-1.45],[-50.8,-1.43],[-50.8,-1.42],[-50.8,-1.4],[-50.79,-1.39],[-50.79,-1.38],[-50.8,-1.38],[-50.81,-1.35],[-50.81,-1.34],[-50.81,-1.31],[-50.78,-1.19],[-50.78,-1.17],[-50.79,-1.15],[-50.8,-1.13],[-50.81,-1.1],[-50.79,-1.09],[-50.78,-1.09],[-50.74,-1.11],[-50.68,-1.14],[-50.63,-1.15],[-50.61,-1.16],[-50.56,-1.18],[-50.57,-1.16],[-50.62,-1.12],[-50.59,-1.11],[-50.58,-1.1],[-50.57,-1.1],[-50.54,-1.11],[-50.52,-1.1],[-50.52,-1.09],[-50.53,-1.08],[-50.55,-1.07],[-50.54,-1.05],[-50.55,-1.05],[-50.53,-1.04],[-50.52,-1.04],[-50.5,-1.04],[-50.48,-1.04],[-50.49,-1.03],[-50.51,-1.02],[-50.53,-1.03],[-50.54,-1.04],[-50.56,-1.05],[-50.58,-1.06],[-50.6,-1.07],[-50.62,-1.07],[-50.63,-1.08],[-50.65,-1.09],[-50.66,-1.09],[-50.74,-1.09],[-50.76,-1.08],[-50.76,-1.07],[-50.77,-1.06],[-50.79,-1.03],[-50.79,-1.02],[-50.8,-0.98],[-50.8,-0.91],[-50.79,-0.87],[-50.79,-0.86],[-50.78,-0.84],[-50.77,-0.83],[-50.78,-0.82],[-50.77,-0.81],[-50.76,-0.81],[-50.75,-0.81],[-50.74,-0.83],[-50.74,-0.8],[-50.75,-0.79],[-50.77,-0.79],[-50.79,-0.77],[-50.79,-0.76],[-50.79,-0.73],[-50.78,-0.73],[-50.77,-0.72],[-50.77,-0.71],[-50.78,-0.71],[-50.79,-0.7],[-50.78,-0.66],[-50.74,-0.55],[-50.72,-0.56],[-50.71,-0.59],[-50.7,-0.61],[-50.7,-0.63],[-50.68,-0.64],[-50.61,-0.68],[-50.59,-0.68],[-50.58,-0.68],[-50.55,-0.68],[-50.55,-0.67],[-50.56,-0.66],[-50.61,-0.64],[-50.67,-0.63],[-50.68,-0.62],[-50.69,-0.61],[-50.69,-0.59],[-50.72,-0.52],[-50.72,-0.5],[-50.72,-0.48],[-50.72,-0.47],[-50.7,-0.41],[-50.7,-0.37],[-50.7,-0.36],[-50.69,-0.35],[-50.68,-0.34],[-50.67,-0.32],[-50.67,-0.3],[-50.65,-0.26],[-50.61,-0.23],[-50.6,-0.22],[-50.58,-0.19],[-50.57,-0.19],[-50.56,-0.19],[-50.55,-0.19],[-50.54,-0.19],[-50.52,-0.18],[-50.51,-0.17],[-50.49,-0.16],[-50.47,-0.15],[-50.44,-0.16],[-50.43,-0.16],[-50.41,-0.16],[-50.39,-0.15],[-50.38,-0.14],[-50.38,-0.12],[-50.37,-0.11],[-50.35,-0.1],[-50.33,-0.1],[-50.27,-0.11],[-50.1,-0.13],[-50.04,-0.15],[-50.01,-0.15],[-49.79,-0.2],[-49.65,-0.24],[-49.52,-0.24],[-49.48,-0.23],[-49.46,-0.22],[-49.45,-0.22],[-49.43,-0.23],[-49.42,-0.23],[-49.4,-0.25],[-49.39,-0.26],[-49.39,-0.25],[-49.4,-0.24],[-49.41,-0.22],[-49.41,-0.2],[-49.39,-0.18],[-49.33,-0.15],[-49.32,-0.16],[-49.31,-0.16],[-49.3,-0.15],[-49.28,-0.16],[-49.27,-0.15],[-49.26,-0.15],[-49.24,-0.15],[-49.22,-0.14],[-49.21,-0.14],[-49.19,-0.14],[-49.18,-0.15],[-49.17,-0.15],[-49.16,-0.15],[-49.14,-0.15],[-49.13,-0.15],[-49.12,-0.16],[-49.09,-0.15],[-49.03,-0.16],[-49.01,-0.16],[-48.99,-0.17],[-48.98,-0.19],[-48.96,-0.18],[-48.95,-0.17],[-48.93,-0.16],[-48.89,-0.15],[-48.88,-0.16],[-48.88,-0.19],[-48.89,-0.21],[-48.89,-0.22],[-48.86,-0.21],[-48.82,-0.21],[-48.7,-0.24],[-48.68,-0.24],[-48.65,-0.23],[-48.62,-0.22],[-48.6,-0.23],[-48.54,-0.24],[-48.43,-0.26],[-48.4,-0.27],[-48.39,-0.27],[-48.38,-0.28],[-48.38,-0.29],[-48.37,-0.3],[-48.37,-0.32],[-48.37,-0.36],[-48.37,-0.37],[-48.38,-0.38],[-48.39,-0.4],[-48.4,-0.4],[-48.41,-0.41],[-48.42,-0.41],[-48.43,-0.45],[-48.45,-0.49],[-48.46,-0.52],[-48.46,-0.58]]],[[[-50.97,-0.29],[-51.01,-0.27],[-51.04,-0.24],[-51.04,-0.2],[-51.0,-0.19],[-51.0,-0.18],[-51.01,-0.18],[-51.03,-0.17],[-50.98,-0.09],[-50.97,-0.04],[-50.95,-0.01],[-50.93,-0.01],[-50.89,0.0],[-50.82,0.03],[-50.77,0.05],[-50.74,0.03],[-50.72,0.01],[-50.7,-0.0],[-50.68,-0.01],[-50.66,-0.02],[-50.65,-0.03],[-50.64,-0.04],[-50.64,-0.05],[-50.64,-0.06],[-50.64,-0.07],[-50.63,-0.08],[-50.63,-0.09],[-50.63,-0.1],[-50.64,-0.12],[-50.68,-0.15],[-50.7,-0.17],[-50.76,-0.2],[-50.78,-0.21],[-50.84,-0.27],[-50.86,-0.28],[-50.89,-0.31],[-50.92,-0.33],[-50.93,-0.33],[-50.94,-0.32],[-50.96,-0.31],[-50.97,-0.3],[-50.97,-0.29]]],[[[-49.83,-0.1],[-49.82,-0.07],[-49.8,-0.05],[-49.74,-0.0],[-49.68,0.03],[-49.63,0.06],[-49.52,0.07],[-49.5,0.09],[-49.49,0.08],[-49.49,0.07],[-49.48,0.06],[-49.47,0.07],[-49.46,0.07],[-49.44,0.08],[-49.43,0.07],[-49.39,0.05],[-49.38,0.04],[-49.37,0.03],[-49.37,0.02],[-49.37,0.01],[-49.37,-0.0],[-49.36,-0.01],[-49.35,-0.01],[-49.35,-0.02],[-49.35,-0.03],[-49.35,-0.04],[-49.36,-0.04],[-49.36,-0.06],[-49.38,-0.05],[-49.39,-0.07],[-49.42,-0.1],[-49.43,-0.11],[-49.44,-0.12],[-49.46,-0.13],[-49.49,-0.13],[-49.69,-0.14],[-49.72,-0.15],[-49.83,-0.1]]],[[[-50.63,0.07],[-50.64,0.08],[-50.64,0.09],[-50.63,0.1],[-50.63,0.11],[-50.64,0.12],[-50.65,0.14],[-50.65,0.15],[-50.64,0.17],[-50.61,0.18],[-50.58,0.18],[-50.56,0.18],[-50.54,0.17],[-50.51,0.17],[-50.49,0.16],[-50.47,0.15],[-50.45,0.13],[-50.44,0.11],[-50.44,0.08],[-50.44,0.06],[-50.43,0.04],[-50.43,0.02],[-50.44,-0.0],[-50.45,-0.02],[-50.49,-0.02],[-50.5,-0.02],[-50.51,-0.01],[-50.52,-0.01],[-50.52,-0.0],[-50.56,-0.0],[-50.57,0.0],[-50.59,0.01],[-50.6,0.02],[-50.61,0.03],[-50.61,0.05],[-50.62,0.06],[-50.63,0.07]]],[[[-50.09,0.31],[-50.11,0.29],[-50.17,0.26],[-50.22,0.25],[-50.22,0.26],[-50.2,0.29],[-50.14,0.33],[-50.11,0.34],[-50.09,0.34],[-50.09,0.32],[-50.09,0.31]]],[[[-50.04,0.3],[-50.0,0.31],[-49.96,0.31],[-49.92,0.29],[-49.86,0.3],[-49.83,0.32],[-49.75,0.35],[-49.65,0.39],[-49.56,0.39],[-49.53,0.35],[-49.53,0.3],[-49.6,0.27],[-49.64,0.23],[-49.69,0.21],[-49.76,0.13],[-49.79,0.09],[-49.81,0.05],[-49.83,0.01],[-49.87,-0.01],[-49.93,-0.03],[-49.96,-0.03],[-49.98,-0.04],[-49.99,-0.04],[-49.99,-0.05],[-50.0,-0.05],[-50.01,-0.05],[-50.02,-0.02],[-50.05,-0.0],[-50.07,0.02],[-50.1,0.03],[-50.13,0.04],[-50.17,0.03],[-50.18,0.03],[-50.19,0.04],[-50.21,0.04],[-50.22,0.03],[-50.23,0.03],[-50.25,0.02],[-50.27,0.01],[-50.3,0.01],[-50.32,0.03],[-50.35,0.05],[-50.35,0.06],[-50.35,0.08],[-50.34,0.12],[-50.34,0.13],[-50.35,0.13],[-50.36,0.12],[-50.37,0.09],[-50.38,0.11],[-50.38,0.13],[-50.38,0.19],[-50.38,0.21],[-50.37,0.21],[-50.3,0.22],[-50.28,0.23],[-50.25,0.23],[-50.23,0.22],[-50.2,0.22],[-50.13,0.22],[-50.11,0.22],[-50.06,0.26],[-50.04,0.3]]],[[[-50.38,0.24],[-50.4,0.24],[-50.41,0.23],[-50.42,0.2],[-50.42,0.19],[-50.42,0.18],[-50.42,0.17],[-50.43,0.17],[-50.45,0.18],[-50.46,0.18],[-50.48,0.18],[-50.49,0.19],[-50.5,0.19],[-50.52,0.21],[-50.52,0.24],[-50.51,0.26],[-50.51,0.27],[-50.49,0.27],[-50.48,0.27],[-50.47,0.27],[-50.44,0.4],[-50.43,0.41],[-50.43,0.42],[-50.42,0.42],[-50.41,0.42],[-50.41,0.43],[-50.41,0.44],[-50.42,0.44],[-50.42,0.45],[-50.43,0.47],[-50.43,0.48],[-50.43,0.51],[-50.43,0.53],[-50.43,0.55],[-50.42,0.56],[-50.38,0.61],[-50.37,0.62],[-50.37,0.61],[-50.36,0.61],[-50.35,0.57],[-50.35,0.53],[-50.36,0.41],[-50.35,0.4],[-50.35,0.39],[-50.34,0.37],[-50.32,0.34],[-50.32,0.31],[-50.32,0.29],[-50.34,0.27],[-50.35,0.25],[-50.36,0.25],[-50.38,0.24]]],[[[-50.31,0.41],[-50.32,0.46],[-50.32,0.5],[-50.3,0.53],[-50.28,0.56],[-50.26,0.57],[-50.25,0.58],[-50.26,0.59],[-50.24,0.59],[-50.19,0.59],[-50.17,0.6],[-50.17,0.61],[-50.15,0.6],[-50.12,0.57],[-50.12,0.59],[-50.13,0.6],[-50.13,0.61],[-50.12,0.63],[-50.1,0.64],[-50.08,0.65],[-50.07,0.65],[-50.04,0.61],[-50.03,0.59],[-50.03,0.58],[-50.03,0.56],[-50.03,0.55],[-50.02,0.54],[-50.03,0.54],[-50.04,0.53],[-50.04,0.51],[-50.17,0.41],[-50.2,0.39],[-50.23,0.38],[-50.25,0.36],[-50.28,0.36],[-50.3,0.38],[-50.31,0.41]]],[[[-50.2,0.75],[-50.24,0.74],[-50.28,0.75],[-50.28,0.77],[-50.27,0.81],[-50.23,0.86],[-50.16,0.89],[-50.13,0.91],[-50.11,0.92],[-50.09,0.92],[-50.06,0.9],[-50.03,0.9],[-50.02,0.89],[-50.02,0.87],[-50.04,0.85],[-50.05,0.82],[-50.07,0.81],[-50.08,0.8],[-50.08,0.78],[-50.1,0.76],[-50.11,0.75],[-50.12,0.75],[-50.15,0.75],[-50.2,0.75]]],[[[-50.06,0.92],[-50.07,0.93],[-50.1,0.94],[-50.1,0.96],[-50.07,0.98],[-50.05,0.99],[-50.04,1.01],[-50.03,1.01],[-50.02,1.03],[-50.0,1.03],[-49.97,1.04],[-49.95,1.06],[-49.93,1.07],[-49.92,1.06],[-49.94,1.02],[-49.94,1.01],[-49.95,1.0],[-49.96,0.99],[-49.96,0.97],[-50.0,0.95],[-50.01,0.94],[-50.03,0.94],[-50.03,0.93],[-50.06,0.92]]],[[[-50.45,2.11],[-50.44,2.11],[-50.43,2.11],[-50.41,2.11],[-50.4,2.12],[-50.39,2.1],[-50.37,2.07],[-50.36,2.06],[-50.35,2.03],[-50.34,2.01],[-50.33,1.99],[-50.31,1.97],[-50.31,1.95],[-50.32,1.94],[-50.34,1.91],[-50.38,1.88],[-50.39,1.87],[-50.42,1.86],[-50.44,1.87],[-50.46,1.88],[-50.48,1.94],[-50.5,1.97],[-50.5,1.98],[-50.51,2.0],[-50.52,2.0],[-50.52,2.03],[-50.51,2.06],[-50.51,2.08],[-50.5,2.1],[-50.49,2.1],[-50.47,2.1],[-50.45,2.11]]],[[[-50.54,2.15],[-50.55,2.15],[-50.55,2.16],[-50.54,2.17],[-50.51,2.19],[-50.49,2.19],[-50.46,2.19],[-50.45,2.18],[-50.43,2.16],[-50.42,2.14],[-50.42,2.13],[-50.42,2.12],[-50.44,2.12],[-50.46,2.12],[-50.47,2.12],[-50.47,2.11],[-50.49,2.11],[-50.5,2.11],[-50.51,2.11],[-50.52,2.12],[-50.53,2.14],[-50.54,2.14],[-50.54,2.15]]],[[[-29.34,-20.58],[-29.35,-20.56],[-29.34,-20.55],[-29.33,-20.55],[-29.32,-20.57],[-29.33,-20.58],[-29.34,-20.58]]],[[[-48.43,-27.4],[-48.43,-27.39],[-48.41,-27.4],[-48.39,-27.42],[-48.38,-27.44],[-48.38,-27.46],[-48.39,-27.48],[-48.4,-27.49],[-48.4,-27.51],[-48.41,-27.52],[-48.41,-27.53],[-48.41,-27.55],[-48.41,-27.57],[-48.41,-27.58],[-48.41,-27.6],[-48.43,-27.61],[-48.44,-27.63],[-48.45,-27.63],[-48.5,-27.7],[-48.5,-27.72],[-48.48,-27.76],[-48.49,-27.77],[-48.49,-27.78],[-48.51,-27.78],[-48.52,-27.79],[-48.53,-27.81],[-48.54,-27.82],[-48.55,-27.82],[-48.56,-27.82],[-48.57,-27.81],[-48.56,-27.74],[-48.56,-27.71],[-48.54,-27.68],[-48.56,-27.67],[-48.55,-27.66],[-48.52,-27.63],[-48.53,-27.61],[-48.54,-27.59],[-48.55,-27.58],[-48.53,-27.57],[-48.52,-27.57],[-48.51,-27.56],[-48.5,-27.56],[-48.5,-27.55],[-48.51,-27.54],[-48.52,-27.53],[-48.52,-27.52],[-48.52,-27.51],[-48.52,-27.5],[-48.53,-27.48],[-48.54,-27.48],[-48.53,-27.46],[-48.52,-27.45],[-48.51,-27.44],[-48.52,-27.43],[-48.5,-27.43],[-48.45,-27.41],[-48.43,-27.4]]],[[[-48.54,-26.34],[-48.55,-26.35],[-48.58,-26.38],[-48.58,-26.39],[-48.58,-26.4],[-48.58,-26.42],[-48.59,-26.42],[-48.59,-26.41],[-48.61,-26.41],[-48.63,-26.39],[-48.64,-26.36],[-48.66,-26.35],[-48.7,-26.32],[-48.7,-26.31],[-48.68,-26.28],[-48.68,-26.27],[-48.66,-26.27],[-48.65,-26.27],[-48.64,-26.26],[-48.64,-26.25],[-48.63,-26.24],[-48.61,-26.23],[-48.58,-26.22],[-48.56,-26.21],[-48.57,-26.18],[-48.55,-26.17],[-48.53,-26.17],[-48.52,-26.18],[-48.49,-26.22],[-48.49,-26.23],[-48.49,-26.24],[-48.51,-26.26],[-48.52,-26.28],[-48.54,-26.32],[-48.54,-26.34]]],[[[-47.52,-24.7],[-47.51,-24.7],[-47.48,-24.7],[-47.47,-24.7],[-47.46,-24.69],[-47.45,-24.69],[-47.5,-24.72],[-47.53,-24.73],[-47.55,-24.74],[-47.79,-24.92],[-47.82,-24.94],[-47.84,-24.96],[-47.86,-24.99],[-47.88,-25.03],[-47.89,-25.04],[-47.9,-25.04],[-47.9,-25.02],[-47.88,-24.98],[-47.88,-24.96],[-47.87,-24.96],[-47.83,-24.91],[-47.72,-24.83],[-47.67,-24.81],[-47.61,-24.75],[-47.56,-24.74],[-47.54,-24.71],[-47.52,-24.7]]],[[[-46.33,-23.93],[-46.32,-23.93],[-46.32,-23.94],[-46.3,-23.96],[-46.29,-23.98],[-46.29,-23.99],[-46.34,-23.97],[-46.36,-23.97],[-46.37,-23.98],[-46.39,-23.98],[-46.4,-23.97],[-46.42,-23.95],[-46.41,-23.94],[-46.4,-23.94],[-46.39,-23.95],[-46.39,-23.94],[-46.39,-23.93],[-46.39,-23.92],[-46.38,-23.92],[-46.35,-23.93],[-46.33,-23.93]]],[[[-45.21,-23.91],[-45.23,-23.91],[-45.23,-23.92],[-45.22,-23.93],[-45.22,-23.94],[-45.22,-23.95],[-45.22,-23.96],[-45.23,-23.96],[-45.24,-23.97],[-45.25,-23.96],[-45.26,-23.96],[-45.27,-23.95],[-45.28,-23.93],[-45.29,-23.91],[-45.3,-23.92],[-45.31,-23.91],[-45.35,-23.93],[-45.39,-23.94],[-45.42,-23.94],[-45.45,-23.91],[-45.45,-23.89],[-45.45,-23.88],[-45.43,-23.87],[-45.42,-23.86],[-45.36,-23.8],[-45.34,-23.78],[-45.34,-23.75],[-45.33,-23.75],[-45.33,-23.74],[-45.33,-23.73],[-45.32,-23.73],[-45.32,-23.72],[-45.31,-23.72],[-45.3,-23.72],[-45.29,-23.73],[-45.24,-23.76],[-45.23,-23.77],[-45.23,-23.84],[-45.27,-23.84],[-45.27,-23.87],[-45.25,-23.9],[-45.22,-23.89],[-45.22,-23.9],[-45.21,-23.91]]],[[[-44.1,-23.15],[-44.09,-23.16],[-44.08,-23.17],[-44.1,-23.17],[-44.1,-23.18],[-44.11,-23.18],[-44.12,-23.17],[-44.13,-23.16],[-44.14,-23.17],[-44.15,-23.17],[-44.16,-23.17],[-44.17,-23.17],[-44.18,-23.18],[-44.19,-23.19],[-44.23,-23.19],[-44.24,-23.19],[-44.26,-23.19],[-44.27,-23.18],[-44.28,-23.18],[-44.29,-23.17],[-44.3,-23.18],[-44.31,-23.19],[-44.32,-23.21],[-44.32,-23.22],[-44.33,-23.22],[-44.33,-23.21],[-44.34,-23.21],[-44.34,-23.2],[-44.34,-23.19],[-44.34,-23.18],[-44.35,-23.18],[-44.36,-23.18],[-44.36,-23.17],[-44.37,-23.17],[-44.37,-23.16],[-44.36,-23.16],[-44.32,-23.15],[-44.3,-23.12],[-44.28,-23.12],[-44.27,-23.12],[-44.25,-23.09],[-44.24,-23.09],[-44.24,-23.07],[-44.23,-23.07],[-44.23,-23.08],[-44.22,-23.08],[-44.21,-23.08],[-44.2,-23.09],[-44.19,-23.09],[-44.19,-23.1],[-44.2,-23.1],[-44.21,-23.1],[-44.19,-23.12],[-44.17,-23.11],[-44.16,-23.12],[-44.16,-23.13],[-44.14,-23.13],[-44.13,-23.12],[-44.13,-23.11],[-44.12,-23.11],[-44.11,-23.11],[-44.11,-23.12],[-44.12,-23.13],[-44.11,-23.14],[-44.1,-23.15]]],[[[-32.4,-3.84],[-32.39,-3.83],[-32.39,-3.84],[-32.39,-3.85],[-32.4,-3.86],[-32.41,-3.87],[-32.44,-3.88],[-32.45,-3.88],[-32.46,-3.88],[-32.46,-3.87],[-32.45,-3.86],[-32.44,-3.86],[-32.44,-3.85],[-32.43,-3.85],[-32.41,-3.84],[-32.4,-3.84]]],[[[-29.41,0.88],[-29.38,0.89],[-29.36,0.88],[-29.35,0.87],[-29.35,0.85],[-29.36,0.84],[-29.37,0.83],[-29.39,0.83],[-29.41,0.83],[-29.42,0.84],[-29.43,0.86],[-29.42,0.87],[-29.41,0.88]]],[[[-48.32,-25.38],[-48.3,-25.37],[-48.27,-25.35],[-48.26,-25.35],[-48.25,-25.36],[-48.26,-25.39],[-48.27,-25.43],[-48.27,-25.45],[-48.26,-25.47],[-48.27,-25.48],[-48.29,-25.49],[-48.31,-25.49],[-48.32,-25.47],[-48.32,-25.45],[-48.32,-25.44],[-48.34,-25.43],[-48.34,-25.41],[-48.32,-25.38]]],[[[-34.85,-7.7],[-34.84,-7.7],[-34.83,-7.7],[-34.83,-7.71],[-34.83,-7.72],[-34.82,-7.74],[-34.82,-7.75],[-34.83,-7.77],[-34.83,-7.78],[-34.84,-7.8],[-34.84,-7.81],[-34.85,-7.81],[-34.86,-7.81],[-34.87,-7.81],[-34.88,-7.8],[-34.88,-7.79],[-34.88,-7.77],[-34.88,-7.75],[-34.87,-7.74],[-34.86,-7.73],[-34.86,-7.71],[-34.86,-7.7],[-34.85,-7.7]]],[[[-42.23,-2.69],[-42.22,-2.7],[-42.2,-2.72],[-42.17,-2.73],[-42.15,-2.74],[-42.13,-2.75],[-42.11,-2.76],[-42.11,-2.77],[-42.13,-2.77],[-42.17,-2.77],[-42.19,-2.75],[-42.22,-2.74],[-42.25,-2.74],[-42.26,-2.72],[-42.26,-2.7],[-42.25,-2.68],[-42.24,-2.68],[-42.23,-2.69]]],[[[-43.83,-2.45],[-43.83,-2.44],[-43.84,-2.43],[-43.85,-2.42],[-43.84,-2.42],[-43.82,-2.41],[-43.81,-2.41],[-43.81,-2.42],[-43.81,-2.44],[-43.81,-2.45],[-43.8,-2.46],[-43.79,-2.44],[-43.78,-2.43],[-43.76,-2.43],[-43.76,-2.45],[-43.76,-2.46],[-43.77,-2.48],[-43.77,-2.5],[-43.78,-2.51],[-43.81,-2.51],[-43.83,-2.51],[-43.84,-2.51],[-43.84,-2.49],[-43.84,-2.48],[-43.84,-2.46],[-43.83,-2.45]]],[[[-43.56,-2.36],[-43.55,-2.36],[-43.54,-2.37],[-43.55,-2.39],[-43.56,-2.4],[-43.56,-2.42],[-43.57,-2.42],[-43.59,-2.42],[-43.6,-2.41],[-43.61,-2.4],[-43.61,-2.39],[-43.61,-2.37],[-43.59,-2.37],[-43.58,-2.36],[-43.56,-2.36]]],[[[-49.48,-1.66],[-49.46,-1.65],[-49.44,-1.66],[-49.42,-1.67],[-49.42,-1.68],[-49.42,-1.7],[-49.43,-1.71],[-49.44,-1.71],[-49.47,-1.72],[-49.48,-1.73],[-49.5,-1.74],[-49.51,-1.74],[-49.52,-1.74],[-49.53,-1.72],[-49.53,-1.7],[-49.53,-1.68],[-49.53,-1.67],[-49.51,-1.66],[-49.5,-1.66],[-49.49,-1.66],[-49.48,-1.66]]]]}},{"type":"Feature","properties":{"iso":"URY","name":"Uruguay"},"geometry":{"type":"Polygon","coordinates":[[[-57.6,-30.2],[-57.6,-30.3],[-57.5,-30.3],[-57.4,-30.3],[-57.3,-30.3],[-57.2,-30.3],[-57.2,-30.2],[-57.1,-30.1],[-57.0,-30.1],[-56.9,-30.1],[-56.8,-30.1],[-56.8,-30.2],[-56.7,-30.2],[-56.6,-30.2],[-56.6,-30.3],[-56.5,-30.4],[-56.4,-30.4],[-56.4,-30.5],[-56.3,-30.5],[-56.3,-30.6],[-56.2,-30.6],[-56.2,-30.7],[-56.1,-30.7],[-56.1,-30.8],[-56.0,-30.8],[-56.0,-30.9],[-56.0,-31.0],[-56.0,-31.1],[-55.9,-31.1],[-55.8,-31.1],[-55.8,-31.0],[-55.7,-31.0],[-55.7,-30.9],[-55.6,-30.9],[-55.6,-30.8],[-55.6,-30.9],[-55.5,-30.9],[-55.4,-31.0],[-55.4,-31.1],[-55.3,-31.1],[-55.3,-31.2],[-55.2,-31.2],[-55.2,-31.3],[-55.1,-31.3],[-55.0,-31.3],[-54.9,-31.4],[-54.8,-31.4],[-54.7,-31.5],[-54.6,-31.5],[-54.5,-31.6],[-54.5,-31.7],[-54.4,-31.7],[-54.3,-31.8],[-54.2,-31.9],[-54.1,-31.9],[-54.0,-31.9],[-53.9,-31.9],[-53.9,-32.0],[-53.8,-32.0],[-53.8,-32.1],[-53.7,-32.2],[-53.7,-32.3],[-53.6,-32.3],[-53.6,-32.4],[-53.5,-32.5],[-53.4,-32.6],[-53.3,-32.6],[-53.2,-32.6],[-53.1,-32.7],[-53.1,-32.8],[-53.2,-32.8],[-53.3,-32.9],[-53.3,-33.0],[-53.4,-33.0],[-53.5,-33.1],[-53.5,-33.2],[-53.5,-33.4],[-53.5,-33.6],[-53.5,-33.7],[-53.4,-33.7],[-53.4,-33.8],[-53.5,-33.8],[-53.5,-33.9],[-53.5,-34.0],[-53.5,-34.1],[-53.6,-34.1],[-53.7,-34.2],[-53.7,-34.3],[-53.8,-34.3],[-53.8,-34.4],[-53.9,-34.4],[-54.0,-34.5],[-54.1,-34.6],[-54.1,-34.7],[-54.2,-34.7],[-54.3,-34.7],[-54.2,-34.7],[-54.2,-34.6],[-54.3,-34.6],[-54.2,-34.6],[-54.3,-34.6],[-54.3,-34.7],[-54.3,-34.6],[-54.3,-34.7],[-54.5,-34.8],[-54.6,-34.8],[-54.7,-34.9],[-54.9,-34.9],[-54.9,-35.0],[-55.0,-35.0],[-55.0,-34.9],[-55.1,-34.9],[-55.2,-34.9],[-55.3,-34.9],[-55.3,-34.8],[-55.4,-34.8],[-55.5,-34.8],[-55.6,-34.8],[-55.7,-34.8],[-55.8,-34.8],[-55.9,-34.8],[-56.0,-34.8],[-56.0,-34.9],[-56.1,-34.9],[-56.2,-34.9],[-56.3,-34.9],[-56.4,-34.9],[-56.4,-34.8],[-56.5,-34.8],[-56.6,-34.8],[-56.6,-34.7],[-56.7,-34.7],[-56.8,-34.7],[-56.9,-34.7],[-56.9,-34.6],[-57.0,-34.6],[-57.0,-34.5],[-57.1,-34.5],[-57.2,-34.5],[-57.2,-34.4],[-57.3,-34.4],[-57.4,-34.4],[-57.5,-34.4],[-57.5,-34.5],[-57.6,-34.4],[-57.7,-34.4],[-57.7,-34.5],[-57.8,-34.5],[-57.9,-34.5],[-57.8,-34.5],[-57.9,-34.4],[-57.9,-34.3],[-58.0,-34.3],[-58.0,-34.2],[-58.1,-34.2],[-58.2,-34.2],[-58.2,-34.1],[-58.3,-34.0],[-58.4,-34.0],[-58.4,-33.9],[-58.4,-33.8],[-58.4,-33.7],[-58.4,-33.6],[-58.4,-33.5],[-58.4,-33.4],[-58.4,-33.3],[-58.3,-33.3],[-58.4,-33.2],[-58.4,-33.1],[-58.3,-33.1],[-58.2,-33.1],[-58.1,-33.1],[-58.1,-33.0],[-58.0,-32.9],[-58.1,-32.9],[-58.1,-32.8],[-58.1,-32.7],[-58.1,-32.6],[-58.2,-32.6],[-58.2,-32.5],[-58.2,-32.4],[-58.1,-32.3],[-58.2,-32.2],[-58.2,-32.1],[-58.1,-32.1],[-58.1,-32.0],[-58.2,-31.9],[-58.2,-31.8],[-58.1,-31.8],[-58.0,-31.8],[-58.0,-31.6],[-58.0,-31.5],[-58.1,-31.5],[-58.1,-31.4],[-58.0,-31.4],[-58.0,-31.3],[-57.9,-31.3],[-57.9,-31.2],[-57.9,-31.1],[-57.9,-31.0],[-57.9,-30.9],[-57.8,-30.9],[-57.8,-30.8],[-57.8,-30.7],[-57.8,-30.6],[-57.9,-30.6],[-57.9,-30.5],[-57.8,-30.5],[-57.7,-30.3],[-57.6,-30.3],[-57.6,-30.2]]]}},{"type":"Feature","properties":{"iso":"COL","name":"Colombia"},"geometry":{"type":"MultiPolygon","coordinates":[[[[-78.8,1.4],[-78.8,1.5],[-78.9,1.5],[-78.9,1.6],[-78.9,1.5],[-78.9,1.6],[-79.0,1.6],[-79.0,1.7],[-78.9,1.7],[-78.9,1.8],[-78.8,1.8],[-78.7,1.8],[-78.6,1.8],[-78.5,1.9],[-78.6,1.9],[-78.5,1.9],[-78.6,1.9],[-78.6,2.0],[-78.7,2.0],[-78.7,2.1],[-78.7,2.2],[-78.7,2.3],[-78.6,2.3],[-78.6,2.4],[-78.5,2.4],[-78.5,2.5],[-78.5,2.6],[-78.4,2.6],[-78.3,2.6],[-78.3,2.5],[-78.3,2.6],[-78.2,2.7],[-78.2,2.6],[-78.2,2.5],[-78.1,2.5],[-78.1,2.6],[-78.1,2.7],[-78.1,2.6],[-78.1,2.7],[-78.0,2.7],[-77.9,2.7],[-77.9,2.6],[-77.8,2.6],[-77.8,2.7],[-77.8,2.8],[-77.7,2.8],[-77.8,2.8],[-77.7,2.8],[-77.7,2.9],[-77.6,2.9],[-77.6,2.8],[-77.6,2.9],[-77.7,2.9],[-77.6,2.9],[-77.6,3.0],[-77.7,3.0],[-77.7,3.1],[-77.6,3.1],[-77.6,3.2],[-77.5,3.2],[-77.5,3.3],[-77.5,3.4],[-77.4,3.4],[-77.4,3.3],[-77.3,3.3],[-77.4,3.4],[-77.3,3.4],[-77.3,3.5],[-77.3,3.6],[-77.3,3.5],[-77.3,3.6],[-77.2,3.6],[-77.2,3.7],[-77.1,3.7],[-77.2,3.7],[-77.1,3.7],[-77.2,3.7],[-77.2,3.8],[-77.2,3.7],[-77.1,3.7],[-77.2,3.7],[-77.2,3.8],[-77.1,3.8],[-77.2,3.8],[-77.1,3.8],[-77.1,3.9],[-77.0,3.9],[-77.1,3.9],[-77.2,3.9],[-77.3,3.8],[-77.3,3.9],[-77.3,4.0],[-77.2,4.0],[-77.2,4.1],[-77.3,4.1],[-77.3,4.0],[-77.3,4.1],[-77.3,4.0],[-77.3,3.9],[-77.4,3.9],[-77.4,4.0],[-77.4,4.1],[-77.4,4.2],[-77.3,4.2],[-77.2,4.3],[-77.3,4.3],[-77.4,4.3],[-77.4,4.4],[-77.3,4.4],[-77.3,4.5],[-77.3,4.7],[-77.3,4.8],[-77.3,4.7],[-77.3,4.8],[-77.3,4.9],[-77.4,5.0],[-77.4,5.1],[-77.4,5.2],[-77.3,5.2],[-77.4,5.3],[-77.4,5.4],[-77.4,5.5],[-77.5,5.5],[-77.6,5.5],[-77.5,5.5],[-77.5,5.6],[-77.4,5.6],[-77.3,5.6],[-77.3,5.7],[-77.2,5.7],[-77.2,5.8],[-77.3,5.8],[-77.3,5.9],[-77.4,6.0],[-77.4,6.1],[-77.5,6.2],[-77.5,6.3],[-77.4,6.3],[-77.4,6.2],[-77.4,6.3],[-77.4,6.4],[-77.4,6.5],[-77.3,6.5],[-77.3,6.6],[-77.4,6.6],[-77.4,6.7],[-77.5,6.7],[-77.6,6.8],[-77.6,6.9],[-77.7,6.9],[-77.7,6.8],[-77.7,6.9],[-77.7,7.0],[-77.7,7.1],[-77.7,7.0],[-77.7,7.1],[-77.8,7.1],[-77.8,7.2],[-77.9,7.2],[-77.8,7.2],[-77.9,7.2],[-77.9,7.4],[-77.8,7.5],[-77.7,7.5],[-77.7,7.6],[-77.8,7.6],[-77.8,7.7],[-77.7,7.7],[-77.7,7.6],[-77.6,7.6],[-77.6,7.5],[-77.5,7.6],[-77.4,7.7],[-77.3,7.7],[-77.4,7.7],[-77.4,7.8],[-77.3,7.8],[-77.3,7.9],[-77.2,7.9],[-77.2,8.0],[-77.2,8.1],[-77.3,8.2],[-77.3,8.3],[-77.4,8.3],[-77.4,8.4],[-77.4,8.5],[-77.5,8.5],[-77.4,8.6],[-77.4,8.7],[-77.3,8.6],[-77.3,8.5],[-77.2,8.5],[-77.2,8.4],[-77.1,8.4],[-77.1,8.3],[-77.0,8.3],[-77.0,8.2],[-76.9,8.2],[-76.9,8.1],[-76.8,8.1],[-76.9,8.1],[-76.8,8.1],[-76.9,8.1],[-76.8,8.0],[-76.9,8.0],[-76.9,7.9],[-76.8,7.9],[-76.7,7.9],[-76.7,8.0],[-76.8,8.0],[-76.7,8.0],[-76.7,8.1],[-76.8,8.1],[-76.7,8.2],[-76.8,8.2],[-76.8,8.3],[-76.8,8.4],[-76.8,8.5],[-76.9,8.5],[-76.9,8.6],[-76.8,8.7],[-76.7,8.7],[-76.6,8.7],[-76.6,8.8],[-76.5,8.8],[-76.5,8.9],[-76.4,8.9],[-76.3,8.9],[-76.3,9.0],[-76.3,9.1],[-76.2,9.1],[-76.2,9.2],[-76.1,9.3],[-76.0,9.4],[-75.9,9.4],[-75.8,9.4],[-75.9,9.4],[-75.8,9.4],[-75.7,9.4],[-75.6,9.5],[-75.6,9.6],[-75.6,9.7],[-75.7,9.7],[-75.6,9.8],[-75.6,9.9],[-75.6,10.0],[-75.6,10.1],[-75.6,10.2],[-75.5,10.2],[-75.6,10.2],[-75.7,10.1],[-75.7,10.2],[-75.6,10.2],[-75.6,10.3],[-75.5,10.3],[-75.5,10.4],[-75.6,10.4],[-75.5,10.4],[-75.5,10.5],[-75.5,10.4],[-75.5,10.5],[-75.5,10.6],[-75.4,10.6],[-75.4,10.7],[-75.3,10.7],[-75.2,10.7],[-75.2,10.8],[-75.2,10.7],[-75.3,10.8],[-75.2,10.8],[-75.1,10.9],[-75.0,10.9],[-75.0,11.0],[-74.9,11.0],[-74.8,11.1],[-74.9,11.1],[-74.8,11.1],[-74.7,11.1],[-74.6,11.0],[-74.5,11.0],[-74.4,11.0],[-74.3,11.0],[-74.4,11.0],[-74.5,11.0],[-74.5,10.9],[-74.6,10.9],[-74.6,10.8],[-74.5,10.8],[-74.5,10.7],[-74.4,10.7],[-74.4,10.8],[-74.3,10.8],[-74.3,10.9],[-74.3,11.0],[-74.2,11.1],[-74.2,11.2],[-74.2,11.3],[-74.1,11.3],[-74.1,11.4],[-74.1,11.3],[-74.1,11.4],[-74.1,11.3],[-74.0,11.3],[-74.0,11.4],[-74.0,11.3],[-73.9,11.3],[-73.8,11.3],[-73.7,11.3],[-73.6,11.3],[-73.4,11.3],[-73.3,11.3],[-73.2,11.3],[-73.2,11.4],[-73.1,11.4],[-73.1,11.5],[-72.9,11.6],[-72.8,11.7],[-72.7,11.7],[-72.6,11.7],[-72.6,11.8],[-72.5,11.8],[-72.4,11.8],[-72.3,11.9],[-72.2,11.9],[-72.2,12.0],[-72.2,12.1],[-72.1,12.1],[-72.1,12.2],[-72.2,12.2],[-72.1,12.3],[-72.1,12.2],[-72.0,12.3],[-72.0,12.2],[-71.9,12.2],[-71.9,12.3],[-72.0,12.3],[-71.9,12.3],[-71.9,12.4],[-71.8,12.4],[-71.8,12.3],[-71.8,12.4],[-71.7,12.4],[-71.8,12.4],[-71.7,12.4],[-71.6,12.4],[-71.7,12.4],[-71.7,12.5],[-71.7,12.4],[-71.7,12.5],[-71.6,12.5],[-71.6,12.4],[-71.5,12.4],[-71.4,12.4],[-71.3,12.4],[-71.3,12.3],[-71.2,12.3],[-71.2,12.2],[-71.2,12.1],[-71.1,12.1],[-71.1,12.0],[-71.2,12.0],[-71.3,11.9],[-71.3,11.8],[-71.4,11.9],[-71.4,11.8],[-71.5,11.8],[-71.6,11.8],[-71.7,11.7],[-71.8,11.7],[-71.9,11.7],[-72.0,11.7],[-72.0,11.6],[-72.1,11.5],[-72.1,11.4],[-72.2,11.3],[-72.2,11.2],[-72.3,11.2],[-72.4,11.2],[-72.4,11.1],[-72.5,11.1],[-72.5,11.0],[-72.6,11.0],[-72.6,10.9],[-72.7,10.9],[-72.7,10.8],[-72.8,10.7],[-72.8,10.6],[-72.9,10.5],[-72.9,10.4],[-72.9,10.2],[-73.0,10.0],[-73.0,9.9],[-73.0,9.8],[-73.0,9.7],[-73.1,9.7],[-73.1,9.6],[-73.2,9.5],[-73.3,9.4],[-73.3,9.3],[-73.3,9.2],[-73.4,9.2],[-73.3,9.2],[-73.2,9.2],[-73.1,9.2],[-73.1,9.3],[-73.0,9.3],[-73.0,9.2],[-73.0,9.1],[-72.9,9.1],[-72.8,9.1],[-72.8,9.0],[-72.7,8.9],[-72.7,8.8],[-72.7,8.7],[-72.7,8.6],[-72.6,8.6],[-72.6,8.5],[-72.5,8.5],[-72.5,8.4],[-72.4,8.4],[-72.4,8.3],[-72.4,8.2],[-72.3,8.1],[-72.4,8.0],[-72.5,8.0],[-72.5,7.9],[-72.5,7.8],[-72.5,7.6],[-72.5,7.5],[-72.5,7.4],[-72.4,7.4],[-72.3,7.4],[-72.2,7.4],[-72.2,7.3],[-72.2,7.2],[-72.1,7.1],[-72.0,7.0],[-71.9,7.0],[-71.8,7.0],[-71.7,7.0],[-71.7,7.1],[-71.6,7.1],[-71.6,7.0],[-71.5,7.0],[-71.4,7.0],[-71.3,7.0],[-71.2,7.0],[-71.1,7.0],[-71.0,7.0],[-70.9,7.0],[-70.9,7.1],[-70.8,7.1],[-70.7,7.1],[-70.6,7.1],[-70.5,7.0],[-70.4,7.0],[-70.3,6.9],[-70.2,7.0],[-70.1,7.0],[-70.1,6.9],[-70.0,6.8],[-69.9,6.7],[-69.9,6.6],[-69.8,6.5],[-69.7,6.4],[-69.6,6.3],[-69.5,6.3],[-69.5,6.2],[-69.4,6.1],[-69.4,6.2],[-69.3,6.2],[-69.3,6.1],[-69.2,6.1],[-69.1,6.2],[-69.0,6.2],[-68.9,6.2],[-68.8,6.2],[-68.7,6.2],[-68.7,6.1],[-68.6,6.1],[-68.6,6.2],[-68.5,6.2],[-68.4,6.2],[-68.3,6.2],[-68.2,6.2],[-68.1,6.2],[-68.0,6.2],[-67.9,6.2],[-67.9,6.3],[-67.8,6.3],[-67.7,6.3],[-67.6,6.3],[-67.5,6.2],[-67.4,6.2],[-67.5,6.2],[-67.5,6.1],[-67.4,6.0],[-67.5,6.0],[-67.5,5.9],[-67.6,5.8],[-67.6,5.7],[-67.6,5.6],[-67.6,5.5],[-67.7,5.5],[-67.7,5.4],[-67.8,5.4],[-67.8,5.3],[-67.8,5.2],[-67.8,5.1],[-67.8,5.0],[-67.8,4.9],[-67.8,4.8],[-67.8,4.7],[-67.8,4.6],[-67.9,4.6],[-67.9,4.5],[-67.8,4.5],[-67.8,4.4],[-67.8,4.3],[-67.8,4.2],[-67.8,4.1],[-67.7,4.1],[-67.7,4.0],[-67.7,3.9],[-67.6,3.8],[-67.6,3.7],[-67.5,3.7],[-67.4,3.5],[-67.3,3.5],[-67.3,3.4],[-67.3,3.3],[-67.4,3.3],[-67.4,3.2],[-67.5,3.2],[-67.6,3.1],[-67.7,3.0],[-67.8,2.9],[-67.9,2.9],[-67.9,2.8],[-67.8,2.8],[-67.7,2.8],[-67.6,2.8],[-67.6,2.7],[-67.5,2.7],[-67.5,2.6],[-67.4,2.6],[-67.4,2.5],[-67.3,2.5],[-67.3,2.4],[-67.2,2.4],[-67.2,2.3],[-67.2,2.2],[-67.2,2.1],[-67.1,2.1],[-67.1,2.0],[-67.1,1.9],[-67.0,1.7],[-67.0,1.6],[-66.9,1.5],[-66.9,1.4],[-66.9,1.3],[-66.9,1.2],[-67.0,1.2],[-67.1,1.2],[-67.1,1.3],[-67.1,1.5],[-67.1,1.6],[-67.1,1.7],[-67.2,1.8],[-67.3,1.9],[-67.3,2.0],[-67.3,2.1],[-67.4,2.1],[-67.5,2.1],[-67.6,2.1],[-67.7,2.0],[-67.8,1.8],[-67.9,1.8],[-67.9,1.7],[-68.0,1.7],[-68.0,1.8],[-68.1,1.8],[-68.1,1.9],[-68.1,2.0],[-68.2,2.0],[-68.3,1.9],[-68.3,1.8],[-68.2,1.8],[-68.2,1.7],[-68.3,1.7],[-68.4,1.7],[-68.6,1.7],[-68.8,1.7],[-69.0,1.7],[-69.2,1.7],[-69.3,1.7],[-69.4,1.7],[-69.5,1.8],[-69.6,1.8],[-69.6,1.7],[-69.7,1.7],[-69.8,1.7],[-69.9,1.7],[-69.8,1.7],[-69.8,1.6],[-69.8,1.5],[-69.9,1.4],[-69.9,1.3],[-69.9,1.2],[-69.9,1.1],[-69.8,1.1],[-69.7,1.1],[-69.6,1.1],[-69.5,1.1],[-69.5,1.0],[-69.4,1.0],[-69.4,1.1],[-69.3,1.1],[-69.3,1.0],[-69.2,1.0],[-69.2,0.9],[-69.2,0.8],[-69.2,0.7],[-69.1,0.7],[-69.1,0.6],[-69.2,0.6],[-69.3,0.6],[-69.3,0.7],[-69.4,0.6],[-69.4,0.7],[-69.5,0.7],[-69.6,0.7],[-69.7,0.7],[-69.7,0.6],[-69.8,0.6],[-69.9,0.6],[-70.0,0.6],[-70.1,0.6],[-70.1,0.5],[-70.1,0.4],[-70.1,0.3],[-70.1,0.2],[-70.1,0.1],[-70.1,0.0],[-70.1,-0.1],[-70.1,-0.2],[-70.0,-0.2],[-70.0,-0.3],[-69.9,-0.3],[-69.9,-0.4],[-69.8,-0.4],[-69.7,-0.5],[-69.6,-0.5],[-69.6,-0.6],[-69.6,-0.7],[-69.6,-0.8],[-69.6,-0.9],[-69.5,-0.9],[-69.5,-1.0],[-69.4,-1.0],[-69.4,-1.1],[-69.4,-1.2],[-69.4,-1.3],[-69.4,-1.4],[-69.5,-1.5],[-69.5,-1.6],[-69.5,-1.8],[-69.5,-1.9],[-69.6,-2.1],[-69.6,-2.3],[-69.6,-2.4],[-69.7,-2.6],[-69.7,-2.8],[-69.7,-2.9],[-69.7,-3.1],[-69.8,-3.2],[-69.8,-3.4],[-69.8,-3.6],[-69.9,-3.7],[-69.9,-3.9],[-69.9,-4.0],[-69.9,-4.2],[-70.0,-4.2],[-70.0,-4.1],[-70.1,-4.1],[-70.2,-4.1],[-70.2,-4.0],[-70.2,-3.9],[-70.3,-3.9],[-70.3,-3.8],[-70.4,-3.8],[-70.4,-3.9],[-70.5,-3.9],[-70.6,-3.9],[-70.7,-3.8],[-70.7,-3.7],[-70.6,-3.6],[-70.5,-3.5],[-70.5,-3.4],[-70.4,-3.2],[-70.3,-3.1],[-70.2,-3.0],[-70.2,-2.9],[-70.1,-2.8],[-70.1,-2.7],[-70.1,-2.6],[-70.1,-2.7],[-70.2,-2.7],[-70.2,-2.6],[-70.3,-2.6],[-70.3,-2.5],[-70.3,-2.6],[-70.4,-2.6],[-70.4,-2.5],[-70.3,-2.5],[-70.4,-2.5],[-70.5,-2.5],[-70.5,-2.4],[-70.6,-2.4],[-70.6,-2.5],[-70.7,-2.4],[-70.7,-2.3],[-70.8,-2.3],[-70.9,-2.2],[-71.0,-2.2],[-71.0,-2.3],[-71.1,-2.3],[-71.1,-2.2],[-71.1,-2.3],[-71.2,-2.3],[-71.3,-2.3],[-71.4,-2.4],[-71.4,-2.3],[-71.5,-2.3],[-71.5,-2.2],[-71.6,-2.2],[-71.7,-2.2],[-71.7,-2.1],[-71.8,-2.1],[-71.8,-2.2],[-71.9,-2.2],[-71.9,-2.3],[-72.0,-2.3],[-72.1,-2.3],[-72.1,-2.4],[-72.2,-2.4],[-72.3,-2.4],[-72.4,-2.4],[-72.4,-2.5],[-72.4,-2.4],[-72.5,-2.4],[-72.6,-2.4],[-72.6,-2.3],[-72.7,-2.4],[-72.8,-2.4],[-72.9,-2.4],[-73.0,-2.4],[-73.0,-2.3],[-73.1,-2.3],[-73.2,-2.3],[-73.2,-2.2],[-73.1,-2.1],[-73.1,-2.0],[-73.2,-2.0],[-73.2,-1.9],[-73.2,-1.8],[-73.2,-1.7],[-73.3,-1.7],[-73.3,-1.8],[-73.4,-1.8],[-73.4,-1.7],[-73.5,-1.7],[-73.5,-1.6],[-73.5,-1.5],[-73.5,-1.4],[-73.6,-1.4],[-73.6,-1.3],[-73.7,-1.2],[-73.8,-1.2],[-73.9,-1.2],[-73.9,-1.1],[-74.0,-1.1],[-74.1,-1.0],[-74.2,-1.0],[-74.3,-1.0],[-74.3,-0.9],[-74.3,-0.8],[-74.4,-0.7],[-74.4,-0.6],[-74.4,-0.5],[-74.5,-0.5],[-74.6,-0.4],[-74.6,-0.3],[-74.7,-0.3],[-74.7,-0.4],[-74.7,-0.3],[-74.8,-0.3],[-74.8,-0.2],[-74.9,-0.2],[-75.0,-0.2],[-75.0,-0.1],[-75.1,-0.1],[-75.1,-0.0],[-75.2,-0.0],[-75.2,-0.1],[-75.3,-0.1],[-75.4,-0.1],[-75.4,-0.0],[-75.5,-0.0],[-75.6,0.0],[-75.6,0.1],[-75.7,0.1],[-75.8,0.1],[-75.9,0.1],[-75.9,0.2],[-76.0,0.2],[-76.0,0.3],[-76.1,0.4],[-76.2,0.4],[-76.3,0.4],[-76.3,0.5],[-76.3,0.4],[-76.4,0.4],[-76.4,0.3],[-76.4,0.2],[-76.5,0.2],[-76.6,0.2],[-76.6,0.3],[-76.7,0.3],[-76.7,0.2],[-76.8,0.2],[-76.9,0.2],[-76.9,0.3],[-77.0,0.3],[-77.1,0.3],[-77.1,0.4],[-77.2,0.3],[-77.3,0.4],[-77.4,0.4],[-77.4,0.5],[-77.5,0.6],[-77.5,0.7],[-77.6,0.7],[-77.7,0.7],[-77.7,0.8],[-77.8,0.8],[-77.9,0.8],[-77.9,0.9],[-78.0,0.9],[-78.1,0.9],[-78.3,1.0],[-78.3,1.1],[-78.4,1.1],[-78.5,1.2],[-78.6,1.2],[-78.6,1.3],[-78.7,1.3],[-78.7,1.4],[-78.8,1.4]]],[[[-78.1,2.6],[-78.1,2.5],[-78.2,2.5],[-78.2,2.6],[-78.2,2.7],[-78.1,2.7],[-78.1,2.6]]],[[[-77.9,2.7],[-77.9,2.6],[-77.8,2.6],[-77.9,2.6],[-77.9,2.7]]],[[[-77.8,2.7],[-77.8,2.6],[-77.9,2.7],[-77.8,2.7]]],[[[-77.4,4.3],[-77.3,4.3],[-77.3,4.2],[-77.4,4.2],[-77.5,4.2],[-77.5,4.3],[-77.4,4.3],[-77.5,4.3],[-77.4,4.3],[-77.5,4.3],[-77.4,4.3]]],[[[-81.4,13.3],[-81.4,13.4],[-81.3,13.3],[-81.4,13.3]]],[[[-75.6,10.4],[-75.5,10.4],[-75.5,10.3],[-75.6,10.3],[-75.6,10.4]]]]}},{"type":"Feature","properties":{"iso":"PRY","name":"Paraguay"},"geometry":{"type":"Polygon","coordinates":[[[-62.7,-22.2],[-62.6,-22.2],[-62.6,-22.1],[-62.6,-22.0],[-62.5,-21.9],[-62.5,-21.8],[-62.4,-21.6],[-62.4,-21.5],[-62.4,-21.4],[-62.3,-21.3],[-62.3,-21.2],[-62.3,-21.1],[-62.3,-21.0],[-62.3,-20.9],[-62.3,-20.8],[-62.3,-20.7],[-62.3,-20.6],[-62.2,-20.5],[-62.2,-20.4],[-62.1,-20.4],[-62.1,-20.3],[-62.0,-20.2],[-62.0,-20.1],[-61.9,-20.1],[-61.9,-20.0],[-61.9,-19.9],[-61.8,-19.9],[-61.8,-19.8],[-61.8,-19.7],[-61.8,-19.6],[-61.7,-19.6],[-61.6,-19.6],[-61.5,-19.6],[-61.2,-19.5],[-60.8,-19.5],[-60.5,-19.4],[-60.2,-19.3],[-60.0,-19.3],[-59.9,-19.3],[-59.7,-19.3],[-59.5,-19.3],[-59.4,-19.3],[-59.2,-19.3],[-59.1,-19.3],[-59.0,-19.3],[-59.0,-19.4],[-58.9,-19.4],[-58.8,-19.5],[-58.7,-19.5],[-58.6,-19.6],[-58.5,-19.6],[-58.4,-19.7],[-58.3,-19.7],[-58.2,-19.8],[-58.2,-19.9],[-58.1,-20.0],[-58.1,-20.1],[-58.2,-20.1],[-58.2,-20.2],[-58.1,-20.2],[-58.2,-20.2],[-58.2,-20.3],[-58.1,-20.3],[-58.1,-20.4],[-58.0,-20.4],[-58.0,-20.5],[-58.0,-20.6],[-58.0,-20.7],[-57.9,-20.7],[-57.9,-20.8],[-57.9,-20.9],[-57.8,-21.0],[-57.8,-20.9],[-57.8,-21.0],[-57.9,-21.0],[-57.9,-21.1],[-57.8,-21.1],[-57.8,-21.2],[-57.9,-21.2],[-57.9,-21.3],[-57.9,-21.4],[-57.9,-21.5],[-57.9,-21.6],[-57.9,-21.7],[-57.9,-21.8],[-58.0,-21.9],[-57.9,-21.9],[-58.0,-22.0],[-58.0,-22.1],[-57.9,-22.1],[-57.8,-22.1],[-57.7,-22.1],[-57.6,-22.1],[-57.6,-22.2],[-57.5,-22.2],[-57.4,-22.2],[-57.3,-22.2],[-57.2,-22.2],[-57.1,-22.2],[-57.0,-22.2],[-57.0,-22.3],[-56.9,-22.3],[-56.9,-22.2],[-56.9,-22.3],[-56.8,-22.3],[-56.8,-22.2],[-56.8,-22.3],[-56.8,-22.2],[-56.7,-22.2],[-56.7,-22.3],[-56.7,-22.2],[-56.7,-22.3],[-56.6,-22.3],[-56.7,-22.2],[-56.6,-22.2],[-56.5,-22.1],[-56.4,-22.1],[-56.3,-22.2],[-56.2,-22.3],[-56.0,-22.3],[-55.9,-22.3],[-55.8,-22.4],[-55.7,-22.5],[-55.7,-22.6],[-55.6,-22.6],[-55.6,-22.7],[-55.6,-22.8],[-55.7,-22.8],[-55.7,-22.9],[-55.6,-22.9],[-55.6,-23.0],[-55.6,-23.1],[-55.6,-23.2],[-55.5,-23.2],[-55.6,-23.3],[-55.5,-23.4],[-55.5,-23.5],[-55.5,-23.6],[-55.5,-23.7],[-55.4,-23.7],[-55.4,-23.9],[-55.4,-24.0],[-55.3,-24.0],[-55.2,-24.0],[-55.1,-24.0],[-55.0,-24.0],[-54.9,-24.0],[-54.9,-23.9],[-54.8,-23.9],[-54.7,-23.8],[-54.6,-23.8],[-54.4,-23.9],[-54.4,-24.0],[-54.3,-24.0],[-54.2,-24.1],[-54.3,-24.1],[-54.3,-24.2],[-54.3,-24.3],[-54.3,-24.4],[-54.3,-24.5],[-54.3,-24.6],[-54.4,-24.7],[-54.4,-24.8],[-54.5,-25.0],[-54.5,-25.1],[-54.4,-25.1],[-54.4,-25.2],[-54.5,-25.2],[-54.5,-25.3],[-54.6,-25.4],[-54.6,-25.5],[-54.6,-25.6],[-54.6,-25.7],[-54.6,-25.8],[-54.6,-25.9],[-54.6,-26.0],[-54.7,-26.0],[-54.6,-26.1],[-54.7,-26.1],[-54.7,-26.2],[-54.6,-26.2],[-54.7,-26.2],[-54.7,-26.3],[-54.7,-26.4],[-54.7,-26.5],[-54.8,-26.5],[-54.8,-26.6],[-54.8,-26.7],[-54.9,-26.7],[-55.0,-26.8],[-55.1,-26.8],[-55.1,-26.9],[-55.1,-27.0],[-55.2,-27.0],[-55.2,-26.9],[-55.3,-26.9],[-55.3,-27.0],[-55.4,-27.0],[-55.5,-27.1],[-55.6,-27.2],[-55.6,-27.3],[-55.6,-27.4],[-55.7,-27.4],[-55.8,-27.4],[-55.9,-27.4],[-55.9,-27.3],[-56.0,-27.3],[-56.1,-27.3],[-56.2,-27.3],[-56.2,-27.4],[-56.3,-27.4],[-56.3,-27.5],[-56.3,-27.6],[-56.4,-27.6],[-56.5,-27.6],[-56.5,-27.5],[-56.6,-27.4],[-56.6,-27.5],[-56.7,-27.5],[-56.8,-27.5],[-56.9,-27.4],[-57.0,-27.4],[-57.1,-27.5],[-57.2,-27.5],[-57.3,-27.4],[-57.4,-27.4],[-57.5,-27.4],[-57.7,-27.3],[-57.8,-27.3],[-57.9,-27.3],[-58.0,-27.3],[-58.1,-27.3],[-58.2,-27.3],[-58.5,-27.3],[-58.6,-27.3],[-58.6,-27.2],[-58.7,-27.2],[-58.6,-27.1],[-58.6,-27.0],[-58.5,-27.0],[-58.5,-27.1],[-58.5,-27.0],[-58.5,-26.9],[-58.4,-26.9],[-58.3,-26.9],[-58.3,-26.8],[-58.4,-26.8],[-58.3,-26.8],[-58.2,-26.8],[-58.2,-26.7],[-58.2,-26.6],[-58.2,-26.7],[-58.2,-26.6],[-58.2,-26.5],[-58.2,-26.4],[-58.2,-26.3],[-58.1,-26.3],[-58.1,-26.2],[-58.2,-26.2],[-58.1,-26.2],[-58.1,-26.1],[-58.0,-26.1],[-57.9,-26.0],[-57.9,-25.9],[-57.8,-25.9],[-57.8,-25.8],[-57.8,-25.7],[-57.7,-25.7],[-57.8,-25.7],[-57.7,-25.7],[-57.7,-25.6],[-57.6,-25.6],[-57.6,-25.5],[-57.6,-25.4],[-57.7,-25.3],[-57.7,-25.2],[-57.8,-25.2],[-57.8,-25.1],[-57.9,-25.1],[-58.0,-25.1],[-58.0,-25.0],[-58.1,-25.0],[-58.2,-24.9],[-58.3,-25.0],[-58.4,-25.0],[-58.4,-24.9],[-58.5,-24.9],[-58.7,-24.8],[-58.8,-24.8],[-59.0,-24.6],[-59.1,-24.6],[-59.2,-24.6],[-59.2,-24.5],[-59.3,-24.5],[-59.4,-24.5],[-59.4,-24.4],[-59.5,-24.4],[-59.5,-24.3],[-59.6,-24.3],[-59.7,-24.2],[-60.0,-24.0],[-60.1,-24.0],[-60.2,-24.0],[-60.3,-24.0],[-60.4,-24.0],[-60.5,-24.0],[-60.5,-23.9],[-60.6,-23.9],[-60.7,-23.9],[-60.8,-23.9],[-60.9,-23.9],[-60.9,-23.8],[-61.0,-23.8],[-61.0,-23.7],[-61.1,-23.7],[-61.1,-23.6],[-61.2,-23.6],[-61.2,-23.5],[-61.3,-23.5],[-61.4,-23.5],[-61.4,-23.4],[-61.5,-23.4],[-61.5,-23.3],[-61.6,-23.3],[-61.7,-23.3],[-61.7,-23.2],[-61.8,-23.2],[-61.8,-23.1],[-62.0,-23.0],[-62.0,-22.9],[-62.1,-22.9],[-62.1,-22.8],[-62.2,-22.7],[-62.2,-22.6],[-62.3,-22.6],[-62.2,-22.6],[-62.2,-22.5],[-62.3,-22.5],[-62.4,-22.5],[-62.4,-22.4],[-62.5,-22.4],[-62.5,-22.3],[-62.6,-22.3],[-62.6,-22.2],[-62.7,-22.2]]]}},{"type":"Feature","properties":{"iso":"VEN","name":"Venezuela"},"geometry":{"type":"MultiPolygon","coordinates":[[[[-60.0,8.6],[-60.0,8.5],[-59.9,8.4],[-59.8,8.3],[-59.8,8.2],[-59.9,8.2],[-60.0,8.2],[-60.0,8.1],[-60.0,8.0],[-60.1,8.0],[-60.2,8.0],[-60.3,7.9],[-60.4,7.8],[-60.5,7.8],[-60.6,7.8],[-60.6,7.7],[-60.6,7.6],[-60.7,7.6],[-60.7,7.5],[-60.7,7.4],[-60.6,7.4],[-60.6,7.3],[-60.6,7.2],[-60.5,7.1],[-60.5,7.2],[-60.4,7.2],[-60.3,7.2],[-60.3,7.1],[-60.3,7.0],[-60.4,7.0],[-60.4,6.9],[-60.5,6.9],[-60.6,6.8],[-60.7,6.8],[-60.8,6.8],[-60.9,6.8],[-60.9,6.7],[-61.0,6.7],[-61.1,6.7],[-61.2,6.7],[-61.2,6.6],[-61.2,6.5],[-61.1,6.4],[-61.2,6.4],[-61.2,6.3],[-61.1,6.3],[-61.1,6.2],[-61.2,6.2],[-61.2,6.1],[-61.3,6.1],[-61.3,6.0],[-61.4,6.0],[-61.4,5.9],[-61.3,5.9],[-61.3,5.8],[-61.2,5.7],[-61.1,5.6],[-61.0,5.5],[-60.9,5.4],[-60.8,5.3],[-60.7,5.2],[-60.6,5.0],[-60.6,4.9],[-60.7,4.8],[-60.8,4.8],[-60.9,4.7],[-60.9,4.6],[-61.0,4.5],[-61.1,4.5],[-61.2,4.5],[-61.3,4.5],[-61.3,4.4],[-61.4,4.4],[-61.5,4.4],[-61.5,4.3],[-61.6,4.3],[-61.6,4.2],[-61.6,4.3],[-61.6,4.2],[-61.7,4.3],[-61.8,4.2],[-61.9,4.2],[-61.9,4.1],[-62.0,4.2],[-62.1,4.1],[-62.2,4.1],[-62.4,4.2],[-62.5,4.2],[-62.5,4.1],[-62.6,4.0],[-62.7,4.0],[-62.8,4.0],[-62.8,3.9],[-62.8,3.8],[-62.7,3.8],[-62.7,3.7],[-62.8,3.6],[-62.9,3.6],[-63.0,3.6],[-63.1,3.8],[-63.2,3.8],[-63.3,3.9],[-63.4,4.0],[-63.4,3.9],[-63.5,3.9],[-63.6,3.9],[-63.7,3.9],[-63.8,3.9],[-63.9,3.9],[-64.0,3.9],[-64.1,3.9],[-64.1,4.0],[-64.1,4.1],[-64.2,4.1],[-64.4,4.2],[-64.6,4.1],[-64.6,4.2],[-64.7,4.2],[-64.7,4.3],[-64.8,4.3],[-64.8,4.2],[-64.7,4.2],[-64.7,4.1],[-64.7,4.0],[-64.6,4.0],[-64.6,3.9],[-64.5,3.9],[-64.4,3.8],[-64.3,3.7],[-64.2,3.6],[-64.2,3.5],[-64.2,3.4],[-64.2,3.3],[-64.2,3.2],[-64.2,3.1],[-64.1,3.0],[-64.1,2.9],[-64.0,2.8],[-64.0,2.7],[-64.0,2.6],[-64.1,2.5],[-64.0,2.5],[-63.8,2.4],[-63.7,2.4],[-63.6,2.4],[-63.5,2.4],[-63.4,2.4],[-63.4,2.3],[-63.4,2.2],[-63.4,2.1],[-63.5,2.1],[-63.6,2.1],[-63.8,2.0],[-63.9,2.0],[-64.0,2.0],[-64.0,1.9],[-64.1,1.9],[-64.1,1.8],[-64.1,1.7],[-64.1,1.6],[-64.2,1.6],[-64.2,1.5],[-64.3,1.4],[-64.4,1.4],[-64.4,1.5],[-64.5,1.5],[-64.5,1.4],[-64.6,1.4],[-64.6,1.3],[-64.7,1.2],[-64.8,1.2],[-64.8,1.3],[-64.9,1.3],[-64.9,1.2],[-65.0,1.2],[-65.0,1.1],[-65.1,1.1],[-65.2,1.1],[-65.2,1.0],[-65.2,0.9],[-65.3,0.9],[-65.4,0.8],[-65.4,0.7],[-65.5,0.7],[-65.5,0.6],[-65.6,0.7],[-65.6,0.8],[-65.5,0.8],[-65.5,0.9],[-65.6,1.0],[-65.7,1.0],[-65.8,0.9],[-65.9,0.9],[-66.0,0.8],[-66.1,0.8],[-66.1,0.7],[-66.2,0.7],[-66.2,0.8],[-66.3,0.7],[-66.3,0.8],[-66.4,0.8],[-66.5,0.9],[-66.6,1.0],[-66.7,1.0],[-66.7,1.1],[-66.8,1.2],[-66.9,1.2],[-66.9,1.3],[-66.9,1.4],[-66.9,1.5],[-67.0,1.6],[-67.0,1.7],[-67.1,1.9],[-67.1,2.0],[-67.1,2.1],[-67.2,2.1],[-67.2,2.2],[-67.2,2.3],[-67.2,2.4],[-67.3,2.4],[-67.3,2.5],[-67.4,2.5],[-67.4,2.6],[-67.5,2.6],[-67.5,2.7],[-67.6,2.7],[-67.6,2.8],[-67.7,2.8],[-67.8,2.8],[-67.9,2.8],[-67.9,2.9],[-67.8,2.9],[-67.7,3.0],[-67.6,3.1],[-67.5,3.2],[-67.4,3.2],[-67.4,3.3],[-67.3,3.3],[-67.3,3.4],[-67.3,3.5],[-67.4,3.5],[-67.5,3.7],[-67.6,3.7],[-67.6,3.8],[-67.7,3.9],[-67.7,4.0],[-67.7,4.1],[-67.8,4.1],[-67.8,4.2],[-67.8,4.3],[-67.8,4.4],[-67.8,4.5],[-67.9,4.5],[-67.9,4.6],[-67.8,4.6],[-67.8,4.7],[-67.8,4.8],[-67.8,4.9],[-67.8,5.0],[-67.8,5.1],[-67.8,5.2],[-67.8,5.3],[-67.8,5.4],[-67.7,5.4],[-67.7,5.5],[-67.6,5.5],[-67.6,5.6],[-67.6,5.7],[-67.6,5.8],[-67.5,5.9],[-67.5,6.0],[-67.4,6.0],[-67.5,6.1],[-67.5,6.2],[-67.4,6.2],[-67.5,6.2],[-67.6,6.3],[-67.7,6.3],[-67.8,6.3],[-67.9,6.3],[-67.9,6.2],[-68.0,6.2],[-68.1,6.2],[-68.2,6.2],[-68.3,6.2],[-68.4,6.2],[-68.5,6.2],[-68.6,6.2],[-68.6,6.1],[-68.7,6.1],[-68.7,6.2],[-68.8,6.2],[-68.9,6.2],[-69.0,6.2],[-69.1,6.2],[-69.2,6.1],[-69.3,6.1],[-69.3,6.2],[-69.4,6.2],[-69.4,6.1],[-69.5,6.2],[-69.5,6.3],[-69.6,6.3],[-69.7,6.4],[-69.8,6.5],[-69.9,6.6],[-69.9,6.7],[-70.0,6.8],[-70.1,6.9],[-70.1,7.0],[-70.2,7.0],[-70.3,6.9],[-70.4,7.0],[-70.5,7.0],[-70.6,7.1],[-70.7,7.1],[-70.8,7.1],[-70.9,7.1],[-70.9,7.0],[-71.0,7.0],[-71.1,7.0],[-71.2,7.0],[-71.3,7.0],[-71.4,7.0],[-71.5,7.0],[-71.6,7.0],[-71.6,7.1],[-71.7,7.1],[-71.7,7.0],[-71.8,7.0],[-71.9,7.0],[-72.0,7.0],[-72.1,7.1],[-72.2,7.2],[-72.2,7.3],[-72.2,7.4],[-72.3,7.4],[-72.4,7.4],[-72.5,7.4],[-72.5,7.5],[-72.5,7.6],[-72.5,7.8],[-72.5,7.9],[-72.5,8.0],[-72.4,8.0],[-72.3,8.1],[-72.4,8.2],[-72.4,8.3],[-72.4,8.4],[-72.5,8.4],[-72.5,8.5],[-72.6,8.5],[-72.6,8.6],[-72.7,8.6],[-72.7,8.7],[-72.7,8.8],[-72.7,8.9],[-72.8,9.0],[-72.8,9.1],[-72.9,9.1],[-73.0,9.1],[-73.0,9.2],[-73.0,9.3],[-73.1,9.3],[-73.1,9.2],[-73.2,9.2],[-73.3,9.2],[-73.4,9.2],[-73.3,9.2],[-73.3,9.3],[-73.3,9.4],[-73.2,9.5],[-73.1,9.6],[-73.1,9.7],[-73.0,9.7],[-73.0,9.8],[-73.0,9.9],[-73.0,10.0],[-72.9,10.2],[-72.9,10.4],[-72.9,10.5],[-72.8,10.6],[-72.8,10.7],[-72.7,10.8],[-72.7,10.9],[-72.6,10.9],[-72.6,11.0],[-72.5,11.0],[-72.5,11.1],[-72.4,11.1],[-72.4,11.2],[-72.3,11.2],[-72.2,11.2],[-72.2,11.3],[-72.1,11.4],[-72.1,11.5],[-72.0,11.6],[-72.0,11.7],[-71.9,11.7],[-71.8,11.7],[-71.7,11.7],[-71.6,11.8],[-71.5,11.8],[-71.4,11.8],[-71.4,11.9],[-71.3,11.8],[-71.4,11.8],[-71.5,11.7],[-71.7,11.7],[-71.9,11.6],[-72.0,11.6],[-72.0,11.5],[-71.9,11.4],[-71.9,11.2],[-71.8,11.1],[-71.7,11.0],[-71.6,11.0],[-71.7,11.0],[-71.8,11.0],[-71.7,11.0],[-71.7,10.9],[-71.7,10.8],[-71.6,10.8],[-71.6,10.7],[-71.6,10.6],[-71.6,10.5],[-71.6,10.4],[-71.7,10.4],[-71.8,10.4],[-71.8,10.3],[-71.8,10.2],[-71.9,10.2],[-71.9,10.1],[-72.0,10.1],[-72.0,10.0],[-72.0,9.9],[-72.1,9.9],[-72.1,9.8],[-72.0,9.7],[-71.9,9.5],[-72.0,9.6],[-72.0,9.5],[-71.9,9.5],[-71.9,9.4],[-71.8,9.4],[-71.9,9.4],[-71.8,9.4],[-71.7,9.4],[-71.7,9.3],[-71.8,9.3],[-71.8,9.2],[-71.7,9.2],[-71.8,9.2],[-71.7,9.2],[-71.8,9.1],[-71.7,9.1],[-71.6,9.0],[-71.5,9.0],[-71.4,9.1],[-71.3,9.1],[-71.2,9.2],[-71.2,9.3],[-71.1,9.3],[-71.1,9.4],[-71.1,9.5],[-71.1,9.6],[-71.0,9.7],[-71.0,9.8],[-71.1,9.8],[-71.1,9.9],[-71.2,10.0],[-71.2,10.1],[-71.3,10.2],[-71.4,10.2],[-71.4,10.3],[-71.4,10.4],[-71.5,10.4],[-71.5,10.5],[-71.5,10.6],[-71.5,10.7],[-71.5,10.8],[-71.6,10.8],[-71.5,10.8],[-71.4,10.8],[-71.4,10.9],[-71.5,10.9],[-71.4,10.9],[-71.5,10.9],[-71.5,11.0],[-71.4,11.0],[-71.3,11.0],[-71.2,11.0],[-71.1,11.1],[-70.9,11.2],[-70.7,11.2],[-70.6,11.2],[-70.5,11.3],[-70.4,11.3],[-70.3,11.3],[-70.3,11.4],[-70.2,11.4],[-70.1,11.4],[-70.1,11.5],[-70.2,11.5],[-70.1,11.5],[-70.1,11.4],[-70.1,11.5],[-70.0,11.4],[-70.0,11.5],[-70.1,11.5],[-70.1,11.6],[-70.2,11.6],[-70.1,11.6],[-70.1,11.5],[-70.0,11.5],[-69.9,11.5],[-69.8,11.4],[-69.8,11.5],[-69.7,11.5],[-69.8,11.5],[-69.8,11.6],[-69.8,11.7],[-69.9,11.7],[-70.0,11.7],[-69.9,11.7],[-70.0,11.7],[-70.0,11.6],[-70.1,11.6],[-70.2,11.6],[-70.2,11.7],[-70.2,11.8],[-70.3,11.8],[-70.3,11.9],[-70.3,12.0],[-70.2,12.0],[-70.2,12.1],[-70.1,12.1],[-70.1,12.2],[-70.0,12.2],[-69.9,12.2],[-69.8,12.0],[-69.8,11.9],[-69.8,11.8],[-69.7,11.6],[-69.7,11.5],[-69.6,11.5],[-69.5,11.5],[-69.4,11.5],[-69.3,11.5],[-69.2,11.5],[-69.1,11.5],[-69.0,11.4],[-68.9,11.5],[-68.8,11.4],[-68.7,11.4],[-68.7,11.3],[-68.6,11.3],[-68.5,11.3],[-68.5,11.2],[-68.4,11.2],[-68.4,11.1],[-68.3,11.1],[-68.3,11.0],[-68.3,10.9],[-68.4,10.9],[-68.3,10.9],[-68.2,10.9],[-68.3,10.9],[-68.3,10.8],[-68.3,10.7],[-68.3,10.6],[-68.2,10.6],[-68.2,10.5],[-68.1,10.5],[-68.0,10.5],[-67.9,10.5],[-67.8,10.5],[-67.6,10.5],[-67.5,10.5],[-67.4,10.5],[-67.3,10.5],[-67.2,10.5],[-67.2,10.6],[-67.1,10.6],[-67.0,10.6],[-66.9,10.6],[-66.8,10.6],[-66.5,10.6],[-66.4,10.6],[-66.3,10.6],[-66.3,10.7],[-66.3,10.6],[-66.2,10.6],[-66.1,10.6],[-66.0,10.6],[-66.1,10.6],[-66.1,10.5],[-66.0,10.4],[-65.9,10.3],[-65.8,10.2],[-65.7,10.2],[-65.8,10.3],[-65.9,10.3],[-65.6,10.2],[-65.5,10.1],[-65.4,10.1],[-65.3,10.1],[-65.2,10.1],[-65.1,10.1],[-65.2,10.1],[-65.1,10.1],[-65.1,10.0],[-65.1,10.1],[-65.0,10.1],[-64.9,10.1],[-64.8,10.1],[-64.7,10.1],[-64.7,10.2],[-64.6,10.2],[-64.6,10.3],[-64.6,10.2],[-64.6,10.3],[-64.6,10.2],[-64.5,10.2],[-64.5,10.3],[-64.5,10.2],[-64.4,10.3],[-64.5,10.3],[-64.4,10.3],[-64.4,10.4],[-64.4,10.3],[-64.3,10.3],[-64.3,10.4],[-64.2,10.4],[-64.2,10.5],[-64.1,10.5],[-64.1,10.4],[-64.0,10.4],[-63.9,10.5],[-63.9,10.4],[-63.8,10.4],[-63.7,10.5],[-63.8,10.5],[-63.8,10.6],[-63.9,10.6],[-64.0,10.6],[-64.1,10.6],[-64.2,10.6],[-64.2,10.5],[-64.3,10.5],[-64.3,10.6],[-64.3,10.7],[-64.2,10.6],[-64.1,10.6],[-64.1,10.7],[-64.0,10.7],[-64.0,10.6],[-63.9,10.6],[-63.8,10.7],[-63.7,10.6],[-63.6,10.6],[-63.5,10.6],[-63.5,10.7],[-63.4,10.7],[-63.3,10.7],[-63.2,10.7],[-63.1,10.7],[-63.0,10.7],[-62.9,10.7],[-62.8,10.7],[-62.7,10.8],[-62.7,10.7],[-62.6,10.7],[-62.5,10.7],[-62.4,10.7],[-62.3,10.7],[-62.2,10.7],[-62.1,10.7],[-62.0,10.7],[-61.9,10.7],[-61.8,10.7],[-61.9,10.7],[-62.0,10.7],[-62.0,10.6],[-62.1,10.6],[-62.2,10.6],[-62.3,10.6],[-62.3,10.5],[-62.4,10.5],[-62.5,10.5],[-62.6,10.6],[-62.7,10.6],[-62.9,10.5],[-63.0,10.5],[-62.9,10.5],[-62.8,10.5],[-62.8,10.4],[-62.9,10.4],[-63.0,10.4],[-63.0,10.3],[-62.9,10.3],[-62.9,10.4],[-63.0,10.4],[-62.9,10.4],[-62.8,10.4],[-62.7,10.4],[-62.7,10.3],[-62.7,10.2],[-62.6,10.2],[-62.6,10.1],[-62.7,10.1],[-62.8,10.1],[-62.8,10.0],[-62.8,10.1],[-62.9,10.1],[-63.0,10.1],[-62.9,10.1],[-62.9,10.0],[-62.9,10.1],[-62.9,10.0],[-62.9,10.1],[-62.8,10.0],[-62.8,10.1],[-62.7,10.1],[-62.7,10.0],[-62.7,10.1],[-62.6,10.1],[-62.6,10.2],[-62.5,10.2],[-62.5,10.1],[-62.5,10.0],[-62.4,10.0],[-62.4,9.9],[-62.3,9.8],[-62.3,9.7],[-62.3,9.8],[-62.2,9.8],[-62.2,9.9],[-62.3,9.9],[-62.3,10.0],[-62.2,10.0],[-62.2,9.9],[-62.2,9.8],[-62.2,9.7],[-62.2,9.6],[-62.2,9.7],[-62.2,9.9],[-62.1,9.9],[-62.0,9.9],[-62.1,9.9],[-62.2,9.9],[-62.2,10.0],[-62.1,10.0],[-62.0,10.0],[-61.9,9.9],[-61.9,9.8],[-61.8,9.8],[-61.8,9.7],[-61.8,9.8],[-61.8,9.7],[-61.7,9.7],[-61.7,9.6],[-61.7,9.7],[-61.8,9.7],[-61.8,9.8],[-61.7,9.8],[-61.6,9.8],[-61.6,9.9],[-61.7,9.9],[-61.6,9.9],[-61.5,9.8],[-61.4,9.7],[-61.4,9.8],[-61.5,9.8],[-61.4,9.8],[-61.4,9.7],[-61.3,9.7],[-61.3,9.6],[-61.2,9.6],[-61.1,9.6],[-61.0,9.6],[-61.0,9.5],[-60.9,9.5],[-60.9,9.4],[-60.8,9.4],[-60.8,9.3],[-60.9,9.3],[-60.9,9.2],[-61.0,9.2],[-61.0,9.1],[-61.1,9.1],[-61.1,9.0],[-61.1,9.1],[-61.0,9.2],[-61.0,9.1],[-61.0,9.0],[-61.1,9.0],[-61.1,8.9],[-61.1,8.8],[-61.2,8.7],[-61.2,8.6],[-61.3,8.6],[-61.5,8.6],[-61.6,8.6],[-61.7,8.6],[-61.6,8.6],[-61.6,8.5],[-61.5,8.5],[-61.4,8.5],[-61.3,8.5],[-61.3,8.4],[-61.2,8.4],[-61.2,8.5],[-61.1,8.5],[-61.0,8.5],[-61.1,8.5],[-61.1,8.4],[-61.1,8.5],[-61.0,8.5],[-61.0,8.6],[-60.9,8.6],[-60.8,8.6],[-60.7,8.6],[-60.6,8.6],[-60.5,8.5],[-60.4,8.6],[-60.2,8.6],[-60.1,8.6],[-60.0,8.6]]],[[[-61.0,8.6],[-61.0,8.5],[-61.1,8.6],[-61.1,8.5],[-61.0,8.5],[-61.1,8.5],[-61.2,8.5],[-61.3,8.5],[-61.2,8.6],[-61.1,8.5],[-61.1,8.6],[-61.0,8.6]]],[[[-60.9,9.0],[-60.8,9.0],[-60.9,9.0],[-60.9,8.9],[-61.1,8.8],[-61.0,8.9],[-61.0,9.0],[-60.9,9.0]]],[[[-61.1,8.9],[-61.1,9.0],[-61.0,9.0],[-60.9,9.1],[-60.9,9.0],[-61.0,8.9],[-61.1,8.9]]],[[[-60.9,9.1],[-61.0,9.1],[-60.9,9.1],[-60.9,9.2],[-60.8,9.2],[-60.9,9.1]]],[[[-60.8,9.2],[-60.7,9.2],[-60.8,9.2],[-60.8,9.1],[-60.8,9.2]]],[[[-64.0,10.8],[-63.9,10.8],[-63.9,10.7],[-64.0,10.7],[-64.0,10.8]]],[[[-65.2,11.0],[-65.2,10.9],[-65.3,10.9],[-65.4,10.9],[-65.4,11.0],[-65.3,11.0],[-65.2,11.0]]],[[[-63.8,11.1],[-63.8,11.0],[-63.9,10.9],[-64.0,10.9],[-64.1,10.9],[-64.2,11.0],[-64.2,10.9],[-64.3,10.9],[-64.3,11.0],[-64.4,11.0],[-64.4,11.1],[-64.3,11.1],[-64.2,11.1],[-64.2,11.0],[-64.1,11.0],[-64.0,11.0],[-64.0,11.1],[-63.9,11.1],[-63.9,11.2],[-63.9,11.1],[-63.8,11.1]]],[[[-66.7,11.8],[-66.8,11.8],[-66.8,11.7],[-66.9,11.7],[-66.9,11.8],[-66.8,11.7],[-66.8,11.8],[-66.7,11.8]]],[[[-61.4,8.6],[-61.3,8.6],[-61.3,8.5],[-61.4,8.5],[-61.5,8.5],[-61.5,8.6],[-61.4,8.6]]],[[[-60.7,8.7],[-60.7,8.8],[-60.7,8.7],[-60.6,8.7],[-60.6,8.6],[-60.7,8.6],[-60.8,8.6],[-60.8,8.7],[-60.7,8.7]]],[[[-61.0,8.8],[-60.9,8.8],[-60.9,8.9],[-60.8,8.9],[-60.7,8.9],[-60.7,8.8],[-60.8,8.7],[-60.8,8.6],[-60.9,8.6],[-61.0,8.6],[-61.1,8.6],[-61.2,8.6],[-61.2,8.7],[-61.1,8.8],[-61.0,8.8]]],[[[-62.3,9.9],[-62.3,9.8],[-62.3,9.9],[-62.4,9.9],[-62.3,9.9]]],[[[-62.2,10.1],[-62.2,10.0],[-62.3,10.0],[-62.2,10.1]]],[[[-62.7,10.4],[-62.6,10.3],[-62.7,10.3],[-62.7,10.4],[-62.8,10.4],[-62.8,10.5],[-62.7,10.5],[-62.7,10.4]]]]}}]}